/*
Navicat MySQL Data Transfer

Source Server         : 47.104.105.151
Source Server Version : 50556
Source Host           : 47.104.105.151:3306
Source Database       : dic

Target Server Type    : MYSQL
Target Server Version : 50556
File Encoding         : 65001

Date: 2019-08-03 11:16:19
*/

SET FOREIGN_KEY_CHECKS=0;

-- ----------------------------
-- Table structure for think_dic
-- ----------------------------
DROP TABLE IF EXISTS `think_dic`;
CREATE TABLE `think_dic` (
  `id` int(11) unsigned NOT NULL AUTO_INCREMENT,
  `name` varchar(255) DEFAULT NULL,
  `url` varchar(512) DEFAULT NULL,
  `create_time` datetime DEFAULT NULL,
  `update_time` datetime DEFAULT NULL,
  PRIMARY KEY (`id`)
) ENGINE=InnoDB AUTO_INCREMENT=8 DEFAULT CHARSET=utf8;

-- ----------------------------
-- Records of think_dic
-- ----------------------------
INSERT INTO `think_dic` VALUES ('1', 'LONGMAN', 'https://www.ldoceonline.com/dictionary/{0}', '2019-05-22 10:49:45', '2019-05-22 10:49:48');
INSERT INTO `think_dic` VALUES ('2', 'MERRIAN', 'https://www.merriam-webster.com/dictionary/{0}', '2019-05-22 10:52:24', '2019-05-22 10:52:27');
INSERT INTO `think_dic` VALUES ('3', 'iCIBA', 'http://www.iciba.com/{0}', '2019-05-22 11:37:46', '2019-05-22 11:37:48');
INSERT INTO `think_dic` VALUES ('4', 'youdao', 'http://dict.youdao.com/w/{0}', '2019-05-22 11:38:50', '2019-05-22 11:38:52');
INSERT INTO `think_dic` VALUES ('5', 'dictionary', 'https://www.dictionary.com/browse/{0}', '2019-05-22 11:39:54', '2019-05-22 11:39:56');
INSERT INTO `think_dic` VALUES ('6', 'Dict.cn', 'http://dict.cn/{0}', '2019-05-22 11:40:35', '2019-05-22 11:40:37');
INSERT INTO `think_dic` VALUES ('7', 'Cambridge', 'https://dictionary.cambridge.org/dictionary/english/{0}', '2019-05-22 11:42:43', '2019-05-22 11:42:46');

-- ----------------------------
-- Table structure for think_search
-- ----------------------------
DROP TABLE IF EXISTS `think_search`;
CREATE TABLE `think_search` (
  `id` bigint(20) unsigned NOT NULL AUTO_INCREMENT,
  `user_id` bigint(20) NOT NULL,
  `search_count` int(11) DEFAULT '1',
  `text` varchar(256) NOT NULL,
  `create_time` datetime DEFAULT NULL,
  `update_time` datetime DEFAULT NULL,
  PRIMARY KEY (`id`)
) ENGINE=InnoDB AUTO_INCREMENT=761 DEFAULT CHARSET=utf8;

-- ----------------------------
-- Records of think_search
-- ----------------------------
INSERT INTO `think_search` VALUES ('2', '1', '5', 'time', '2019-05-22 14:34:39', '2019-05-23 16:20:58');
INSERT INTO `think_search` VALUES ('3', '2', '1', 'game', '2019-05-22 14:34:41', '2019-05-21 16:29:11');
INSERT INTO `think_search` VALUES ('9', '1', '3', 'work', '2019-05-21 17:58:29', '2019-05-21 21:55:56');
INSERT INTO `think_search` VALUES ('15', '1', '3', 'combo', '2019-05-21 21:34:28', '2019-05-22 09:49:32');
INSERT INTO `think_search` VALUES ('18', '1', '2', 'look', '2019-05-21 22:20:49', '2019-05-21 22:23:09');
INSERT INTO `think_search` VALUES ('19', '1', '1', 'took', '2019-05-21 22:21:07', '2019-05-21 22:21:07');
INSERT INTO `think_search` VALUES ('23', '1', '1', 'wood', '2019-05-22 09:53:47', '2019-05-22 09:53:47');
INSERT INTO `think_search` VALUES ('24', '1', '1', 'temperature', '2019-05-22 09:54:22', '2019-05-22 09:54:22');
INSERT INTO `think_search` VALUES ('25', '1', '2', 'priority', '2019-05-22 09:56:54', '2019-07-26 21:02:28');
INSERT INTO `think_search` VALUES ('26', '1', '1', 'fahrenheit', '2019-05-22 09:58:41', '2019-05-22 09:58:41');
INSERT INTO `think_search` VALUES ('27', '1', '5', 'entrepreneur', '2019-05-22 10:00:27', '2019-05-22 17:00:48');
INSERT INTO `think_search` VALUES ('28', '1', '1', 'typography', '2019-05-22 10:13:33', '2019-05-22 10:13:33');
INSERT INTO `think_search` VALUES ('29', '1', '8', 'badge', '2019-05-22 10:14:27', '2019-05-29 23:34:12');
INSERT INTO `think_search` VALUES ('34', '1', '2', 'scammer', '2019-05-22 12:06:41', '2019-05-22 17:01:10');
INSERT INTO `think_search` VALUES ('35', '1', '3', 'register', '2019-05-22 14:06:57', '2019-05-22 16:57:35');
INSERT INTO `think_search` VALUES ('36', '3', '1', 'game', '2019-05-22 14:17:57', '2019-05-22 14:17:57');
INSERT INTO `think_search` VALUES ('39', '1', '2', 'alternatively', '2019-05-22 17:48:45', '2019-05-22 17:49:23');
INSERT INTO `think_search` VALUES ('40', '1', '2', 'aggregate', '2019-05-22 17:49:46', '2019-05-22 17:51:35');
INSERT INTO `think_search` VALUES ('41', '1', '3', 'flexible', '2019-05-22 17:52:17', '2019-07-27 15:03:03');
INSERT INTO `think_search` VALUES ('42', '1', '2', 'tweak', '2019-05-22 17:55:21', '2019-05-22 17:56:02');
INSERT INTO `think_search` VALUES ('43', '1', '3', 'vary', '2019-05-22 17:56:34', '2019-07-04 21:20:24');
INSERT INTO `think_search` VALUES ('44', '1', '6', 'invocation', '2019-05-22 17:58:50', '2019-07-28 01:26:55');
INSERT INTO `think_search` VALUES ('45', '1', '3', 'serial', '2019-05-22 17:59:18', '2019-05-22 18:25:08');
INSERT INTO `think_search` VALUES ('46', '1', '1', 'frequently', '2019-05-22 21:15:56', '2019-05-22 21:15:56');
INSERT INTO `think_search` VALUES ('47', '1', '1', 'regularly', '2019-05-22 21:16:42', '2019-05-22 21:16:42');
INSERT INTO `think_search` VALUES ('48', '1', '1', 'inhale', '2019-05-22 21:29:40', '2019-05-22 21:29:40');
INSERT INTO `think_search` VALUES ('49', '1', '1', 'exhale', '2019-05-22 21:29:44', '2019-05-22 21:29:44');
INSERT INTO `think_search` VALUES ('50', '1', '5', 'well', '2019-05-22 21:34:49', '2019-05-29 23:34:00');
INSERT INTO `think_search` VALUES ('51', '1', '1', 'dividend', '2019-05-23 10:56:20', '2019-05-23 10:56:20');
INSERT INTO `think_search` VALUES ('52', '1', '1', 'gap', '2019-05-23 10:58:57', '2019-05-23 10:58:57');
INSERT INTO `think_search` VALUES ('53', '1', '1', 'revenue', '2019-05-23 11:06:46', '2019-05-23 11:06:46');
INSERT INTO `think_search` VALUES ('54', '1', '1', 'fight', '2019-05-23 15:09:14', '2019-05-23 15:09:14');
INSERT INTO `think_search` VALUES ('55', '1', '1', 'adjust', '2019-05-23 20:34:22', '2019-05-23 20:34:22');
INSERT INTO `think_search` VALUES ('56', '1', '1', 'job', '2019-05-23 20:34:28', '2019-05-23 20:34:28');
INSERT INTO `think_search` VALUES ('57', '1', '2', 'watch', '2019-05-23 20:34:42', '2019-06-24 16:25:32');
INSERT INTO `think_search` VALUES ('58', '1', '1', 'offense', '2019-05-23 20:34:48', '2019-05-23 20:34:48');
INSERT INTO `think_search` VALUES ('59', '1', '3', 'got', '2019-05-23 20:35:25', '2019-05-31 17:43:05');
INSERT INTO `think_search` VALUES ('60', '1', '1', 'test', '2019-05-23 20:40:16', '2019-05-23 20:40:16');
INSERT INTO `think_search` VALUES ('61', '1', '1', 'noticeable', '2019-05-23 20:58:55', '2019-05-23 20:58:55');
INSERT INTO `think_search` VALUES ('62', '1', '6', 'critical', '2019-05-23 20:59:42', '2019-07-09 16:25:23');
INSERT INTO `think_search` VALUES ('63', '1', '2', 'verbose', '2019-05-23 21:01:27', '2019-07-15 18:10:02');
INSERT INTO `think_search` VALUES ('64', '1', '1', 'worthwhile', '2019-05-23 21:03:09', '2019-05-23 21:03:09');
INSERT INTO `think_search` VALUES ('66', '1', '3', 'evolve', '2019-05-23 21:04:02', '2019-06-25 10:56:58');
INSERT INTO `think_search` VALUES ('67', '1', '6', 'obsolete', '2019-05-23 21:05:27', '2019-06-27 11:46:31');
INSERT INTO `think_search` VALUES ('68', '1', '2', 'stick', '2019-05-23 21:06:12', '2019-05-23 21:19:21');
INSERT INTO `think_search` VALUES ('70', '1', '1', 'sore', '2019-05-23 21:19:43', '2019-05-23 21:19:43');
INSERT INTO `think_search` VALUES ('72', '1', '1', 'telescope', '2019-05-23 21:22:59', '2019-05-23 21:22:59');
INSERT INTO `think_search` VALUES ('73', '1', '1', 'telescoped', '2019-05-23 21:23:14', '2019-05-23 21:23:14');
INSERT INTO `think_search` VALUES ('74', '1', '2', 'hone', '2019-05-23 23:36:47', '2019-05-23 23:37:07');
INSERT INTO `think_search` VALUES ('75', '1', '1', 'concrete', '2019-05-23 23:39:16', '2019-05-23 23:39:16');
INSERT INTO `think_search` VALUES ('76', '1', '1', 'consistent', '2019-05-23 23:39:54', '2019-05-23 23:39:54');
INSERT INTO `think_search` VALUES ('77', '1', '1', 'shaver', '2019-05-24 09:53:06', '2019-05-24 09:53:06');
INSERT INTO `think_search` VALUES ('78', '1', '2', 'bachelor', '2019-05-24 09:54:02', '2019-05-24 10:17:55');
INSERT INTO `think_search` VALUES ('79', '1', '2', 'bachelorette', '2019-05-24 09:55:17', '2019-05-24 10:16:50');
INSERT INTO `think_search` VALUES ('80', '1', '3', ' Awkward', '2019-05-24 12:37:13', '2019-05-24 12:38:41');
INSERT INTO `think_search` VALUES ('82', '1', '2', 'commitment', '2019-05-24 12:49:45', '2019-06-24 15:50:03');
INSERT INTO `think_search` VALUES ('83', '1', '2', 'gonna', '2019-05-24 14:13:57', '2019-05-26 18:19:37');
INSERT INTO `think_search` VALUES ('84', '1', '4', 'wash', '2019-05-24 14:46:50', '2019-06-24 16:23:30');
INSERT INTO `think_search` VALUES ('85', '1', '1', 'rub', '2019-05-24 14:46:54', '2019-05-24 14:46:54');
INSERT INTO `think_search` VALUES ('86', '1', '1', 'wipe', '2019-05-24 14:46:59', '2019-05-24 14:46:59');
INSERT INTO `think_search` VALUES ('88', '1', '5', 'masterpiece', '2019-05-24 15:58:44', '2019-05-24 16:33:16');
INSERT INTO `think_search` VALUES ('95', '1', '2', 'trash', '2019-05-25 11:45:55', '2019-05-25 13:45:03');
INSERT INTO `think_search` VALUES ('96', '1', '1', 'positive', '2019-05-26 09:20:20', '2019-05-26 09:20:20');
INSERT INTO `think_search` VALUES ('97', '1', '1', 'passive', '2019-05-26 09:20:41', '2019-05-26 09:20:41');
INSERT INTO `think_search` VALUES ('98', '1', '2', 'exaggerate', '2019-05-26 09:39:20', '2019-05-26 09:43:59');
INSERT INTO `think_search` VALUES ('99', '1', '2', 'upset', '2019-05-26 09:51:13', '2019-05-26 18:19:10');
INSERT INTO `think_search` VALUES ('100', '1', '2', 'aggressive', '2019-05-26 11:10:12', '2019-05-26 13:43:51');
INSERT INTO `think_search` VALUES ('101', '1', '1', 'butt', '2019-05-27 09:53:48', '2019-05-27 09:53:48');
INSERT INTO `think_search` VALUES ('102', '1', '1', 'spree', '2019-05-27 10:03:41', '2019-05-27 10:03:41');
INSERT INTO `think_search` VALUES ('103', '1', '1', 'shrik', '2019-05-27 10:07:40', '2019-05-27 10:07:40');
INSERT INTO `think_search` VALUES ('104', '1', '1', 'flatter', '2019-05-27 10:20:40', '2019-05-27 10:20:40');
INSERT INTO `think_search` VALUES ('105', '1', '1', 'fake', '2019-05-27 10:28:53', '2019-05-27 10:28:53');
INSERT INTO `think_search` VALUES ('106', '1', '1', 'sigh', '2019-05-27 10:39:14', '2019-05-27 10:39:14');
INSERT INTO `think_search` VALUES ('107', '1', '1', 'pension', '2019-05-27 10:52:19', '2019-05-27 10:52:19');
INSERT INTO `think_search` VALUES ('108', '1', '1', 'complaint', '2019-05-27 10:53:50', '2019-05-27 10:53:50');
INSERT INTO `think_search` VALUES ('109', '1', '1', 'commission', '2019-05-27 10:55:56', '2019-05-27 10:55:56');
INSERT INTO `think_search` VALUES ('110', '1', '5', 'tuition', '2019-05-27 10:56:21', '2019-07-12 10:28:23');
INSERT INTO `think_search` VALUES ('111', '1', '3', 'president', '2019-05-27 10:57:45', '2019-07-09 21:22:14');
INSERT INTO `think_search` VALUES ('112', '1', '1', 'allowance', '2019-05-27 11:16:35', '2019-05-27 11:16:35');
INSERT INTO `think_search` VALUES ('115', '1', '1', 'practice', '2019-05-27 11:19:48', '2019-05-27 11:19:48');
INSERT INTO `think_search` VALUES ('116', '1', '1', 'endurance', '2019-05-27 11:22:00', '2019-05-27 11:22:00');
INSERT INTO `think_search` VALUES ('117', '1', '2', 'contradictory', '2019-05-27 11:24:23', '2019-05-27 11:24:27');
INSERT INTO `think_search` VALUES ('118', '1', '1', 'stray', '2019-05-27 12:29:23', '2019-05-27 12:29:23');
INSERT INTO `think_search` VALUES ('119', '1', '3', 'staff', '2019-05-27 15:30:28', '2019-05-29 11:14:37');
INSERT INTO `think_search` VALUES ('120', '1', '1', 'upgrade', '2019-05-27 19:11:58', '2019-05-27 19:11:58');
INSERT INTO `think_search` VALUES ('121', '1', '1', 'based', '2019-05-27 22:02:38', '2019-05-27 22:02:38');
INSERT INTO `think_search` VALUES ('122', '1', '1', 'medium', '2019-05-28 10:00:09', '2019-05-28 10:00:09');
INSERT INTO `think_search` VALUES ('123', '1', '1', 'favorable', '2019-05-28 10:05:58', '2019-05-28 10:05:58');
INSERT INTO `think_search` VALUES ('124', '1', '2', 'repulsion', '2019-05-28 10:11:45', '2019-05-31 10:28:12');
INSERT INTO `think_search` VALUES ('125', '1', '1', 'pretend', '2019-05-28 10:43:06', '2019-05-28 10:43:06');
INSERT INTO `think_search` VALUES ('127', '7', '2', 'national', '2019-05-28 10:46:02', '2019-05-28 10:46:55');
INSERT INTO `think_search` VALUES ('128', '7', '1', 'professional', '2019-05-28 10:47:22', '2019-05-28 10:47:22');
INSERT INTO `think_search` VALUES ('130', '1', '1', 'recommendation', '2019-05-28 10:52:06', '2019-05-28 10:52:06');
INSERT INTO `think_search` VALUES ('131', '1', '2', 'trait', '2019-05-28 11:39:32', '2019-05-28 15:29:48');
INSERT INTO `think_search` VALUES ('133', '1', '9', 'establish', '2019-05-28 14:46:08', '2019-05-29 23:34:29');
INSERT INTO `think_search` VALUES ('134', '8', '8', 'establish', '2019-05-28 15:01:26', '2019-05-28 15:23:59');
INSERT INTO `think_search` VALUES ('135', '8', '8', 'selfish', '2019-05-28 15:09:06', '2019-05-28 15:19:40');
INSERT INTO `think_search` VALUES ('136', '1', '5', 'spot', '2019-05-28 15:38:31', '2019-06-25 20:55:00');
INSERT INTO `think_search` VALUES ('137', '9', '2', 'imagine', '2019-05-28 15:54:48', '2019-05-28 15:55:34');
INSERT INTO `think_search` VALUES ('138', '1', '1', 'russia', '2019-05-28 17:54:43', '2019-05-28 17:54:43');
INSERT INTO `think_search` VALUES ('139', '1', '2', 'phubbing', '2019-05-28 19:22:26', '2019-05-28 19:22:32');
INSERT INTO `think_search` VALUES ('140', '1', '1', 'haptic', '2019-05-28 20:22:22', '2019-05-28 20:22:22');
INSERT INTO `think_search` VALUES ('141', '8', '1', 'get upset什么意思', '2019-05-28 20:40:46', '2019-05-28 20:40:46');
INSERT INTO `think_search` VALUES ('142', '1', '1', 'blossom', '2019-05-29 08:07:29', '2019-05-29 08:07:29');
INSERT INTO `think_search` VALUES ('143', '1', '1', 'dutch', '2019-05-29 08:09:39', '2019-05-29 08:09:39');
INSERT INTO `think_search` VALUES ('144', '1', '1', 'stuff', '2019-05-29 11:14:46', '2019-05-29 11:14:46');
INSERT INTO `think_search` VALUES ('145', '1', '1', 'controversial', '2019-05-29 11:21:04', '2019-05-29 11:21:04');
INSERT INTO `think_search` VALUES ('146', '1', '4', 'claim', '2019-05-29 11:30:54', '2019-06-21 13:14:27');
INSERT INTO `think_search` VALUES ('147', '1', '1', 'route', '2019-05-29 11:36:54', '2019-05-29 11:36:54');
INSERT INTO `think_search` VALUES ('148', '1', '1', 'pretty', '2019-05-29 15:08:44', '2019-05-29 15:08:44');
INSERT INTO `think_search` VALUES ('149', '1', '1', 'profile', '2019-05-29 19:12:44', '2019-05-29 19:12:44');
INSERT INTO `think_search` VALUES ('150', '1', '1', 'strategy', '2019-05-29 20:07:32', '2019-05-29 20:07:32');
INSERT INTO `think_search` VALUES ('151', '1', '1', 'enforce', '2019-05-29 20:23:52', '2019-05-29 20:23:52');
INSERT INTO `think_search` VALUES ('153', '1', '1', 'stateless', '2019-05-29 20:32:32', '2019-05-29 20:32:32');
INSERT INTO `think_search` VALUES ('154', '1', '1', 'intrinsically', '2019-05-29 20:33:31', '2019-05-29 20:33:31');
INSERT INTO `think_search` VALUES ('155', '1', '1', 'substitute', '2019-05-29 20:34:53', '2019-05-29 20:34:53');
INSERT INTO `think_search` VALUES ('156', '1', '1', 'mock', '2019-05-29 20:36:10', '2019-05-29 20:36:10');
INSERT INTO `think_search` VALUES ('157', '1', '2', 'sole', '2019-05-29 20:37:32', '2019-05-30 21:09:32');
INSERT INTO `think_search` VALUES ('158', '1', '1', 'lack', '2019-05-29 20:38:07', '2019-05-29 20:38:07');
INSERT INTO `think_search` VALUES ('162', '1', '1', 'caveat', '2019-05-29 20:39:42', '2019-05-29 20:39:42');
INSERT INTO `think_search` VALUES ('163', '1', '1', 'aid', '2019-05-29 20:42:24', '2019-05-29 20:42:24');
INSERT INTO `think_search` VALUES ('164', '1', '1', 'privileged', '2019-05-29 20:43:29', '2019-05-29 20:43:29');
INSERT INTO `think_search` VALUES ('166', '1', '1', 'reflective', '2019-05-29 20:44:37', '2019-05-29 20:44:37');
INSERT INTO `think_search` VALUES ('167', '1', '1', 'ready', '2019-05-29 20:48:48', '2019-05-29 20:48:48');
INSERT INTO `think_search` VALUES ('168', '1', '1', 'virgin', '2019-05-29 23:36:55', '2019-05-29 23:36:55');
INSERT INTO `think_search` VALUES ('169', '1', '5', 'happiness', '2019-05-30 08:44:17', '2019-05-31 16:39:07');
INSERT INTO `think_search` VALUES ('171', '1', '1', 'tilt', '2019-05-30 10:14:15', '2019-05-30 10:14:15');
INSERT INTO `think_search` VALUES ('172', '1', '2', 'sticker', '2019-05-30 10:36:35', '2019-05-30 11:56:42');
INSERT INTO `think_search` VALUES ('173', '1', '2', 'cuisine', '2019-05-30 11:58:12', '2019-05-31 11:23:14');
INSERT INTO `think_search` VALUES ('174', '1', '1', 'calendar', '2019-05-30 12:02:41', '2019-05-30 12:02:41');
INSERT INTO `think_search` VALUES ('175', '1', '1', 'criticism', '2019-05-30 12:51:38', '2019-05-30 12:51:38');
INSERT INTO `think_search` VALUES ('176', '1', '1', 'greedy', '2019-05-30 18:38:15', '2019-05-30 18:38:15');
INSERT INTO `think_search` VALUES ('177', '1', '2', 'rage', '2019-05-30 19:01:42', '2019-06-10 16:10:55');
INSERT INTO `think_search` VALUES ('178', '1', '1', 'sneer', '2019-05-30 19:02:30', '2019-05-30 19:02:30');
INSERT INTO `think_search` VALUES ('179', '1', '1', 'shrug', '2019-05-30 19:03:10', '2019-05-30 19:03:10');
INSERT INTO `think_search` VALUES ('180', '1', '1', 'daunt', '2019-05-30 19:05:14', '2019-05-30 19:05:14');
INSERT INTO `think_search` VALUES ('181', '1', '1', 'live', '2019-05-30 20:05:45', '2019-05-30 20:05:45');
INSERT INTO `think_search` VALUES ('182', '1', '1', 'whirl', '2019-05-30 20:15:42', '2019-05-30 20:15:42');
INSERT INTO `think_search` VALUES ('183', '1', '3', 'approach', '2019-05-30 21:05:52', '2019-07-18 21:13:47');
INSERT INTO `think_search` VALUES ('184', '1', '1', 'separate', '2019-05-30 21:17:37', '2019-05-30 21:17:37');
INSERT INTO `think_search` VALUES ('185', '1', '3', 'relevant', '2019-05-30 21:19:22', '2019-07-02 11:06:24');
INSERT INTO `think_search` VALUES ('186', '1', '2', 'preferable', '2019-05-30 21:19:58', '2019-05-31 14:53:53');
INSERT INTO `think_search` VALUES ('187', '1', '3', 'bae', '2019-05-30 21:26:41', '2019-05-30 21:27:08');
INSERT INTO `think_search` VALUES ('188', '1', '2', 'bay', '2019-05-31 10:03:18', '2019-05-31 10:03:54');
INSERT INTO `think_search` VALUES ('189', '1', '1', 'magnet', '2019-05-31 10:29:11', '2019-05-31 10:29:11');
INSERT INTO `think_search` VALUES ('190', '1', '2', 'magnetic', '2019-05-31 10:29:23', '2019-07-31 10:00:59');
INSERT INTO `think_search` VALUES ('191', '1', '5', 'obvious', '2019-05-31 10:31:05', '2019-06-25 20:59:58');
INSERT INTO `think_search` VALUES ('192', '1', '2', 'concise', '2019-05-31 10:49:07', '2019-06-07 06:40:21');
INSERT INTO `think_search` VALUES ('193', '1', '1', 'phonetic', '2019-05-31 11:33:13', '2019-05-31 11:33:13');
INSERT INTO `think_search` VALUES ('194', '1', '3', 'ironclad', '2019-05-31 11:54:48', '2019-05-31 14:53:41');
INSERT INTO `think_search` VALUES ('195', '1', '1', 'spain', '2019-05-31 13:52:58', '2019-05-31 13:52:58');
INSERT INTO `think_search` VALUES ('196', '1', '5', 'instantiation', '2019-05-31 14:49:40', '2019-07-11 15:44:08');
INSERT INTO `think_search` VALUES ('197', '1', '4', 'sophisticated', '2019-05-31 14:49:53', '2019-07-02 11:11:28');
INSERT INTO `think_search` VALUES ('198', '1', '3', 'sufficient', '2019-05-31 14:54:51', '2019-07-09 12:01:47');
INSERT INTO `think_search` VALUES ('199', '1', '2', 'occasionally', '2019-05-31 15:05:10', '2019-06-11 10:42:45');
INSERT INTO `think_search` VALUES ('200', '1', '1', 'reputation', '2019-05-31 15:06:45', '2019-05-31 15:06:45');
INSERT INTO `think_search` VALUES ('201', '1', '2', 'abuse', '2019-05-31 15:08:10', '2019-05-31 15:08:40');
INSERT INTO `think_search` VALUES ('202', '1', '1', 'term', '2019-05-31 15:11:31', '2019-05-31 15:11:31');
INSERT INTO `think_search` VALUES ('203', '1', '1', 'valid', '2019-05-31 15:12:43', '2019-05-31 15:12:43');
INSERT INTO `think_search` VALUES ('204', '1', '12', 'primitive', '2019-05-31 15:13:04', '2019-07-30 16:24:51');
INSERT INTO `think_search` VALUES ('205', '1', '4', 'assume', '2019-05-31 15:15:46', '2019-06-13 14:57:38');
INSERT INTO `think_search` VALUES ('206', '1', '1', 'nonsensical', '2019-05-31 15:17:33', '2019-05-31 15:17:33');
INSERT INTO `think_search` VALUES ('207', '1', '1', 'absence', '2019-05-31 15:18:26', '2019-05-31 15:18:26');
INSERT INTO `think_search` VALUES ('208', '1', '5', 'explicit', '2019-05-31 15:18:35', '2019-06-20 18:01:58');
INSERT INTO `think_search` VALUES ('209', '1', '1', 'indistinguishable', '2019-05-31 15:22:25', '2019-05-31 15:22:25');
INSERT INTO `think_search` VALUES ('210', '1', '2', 'unintentionally', '2019-05-31 15:24:40', '2019-05-31 15:26:48');
INSERT INTO `think_search` VALUES ('211', '1', '5', 'deliberately', '2019-05-31 15:25:16', '2019-07-09 21:22:43');
INSERT INTO `think_search` VALUES ('212', '1', '1', 'intentional', '2019-05-31 15:26:55', '2019-05-31 15:26:55');
INSERT INTO `think_search` VALUES ('213', '1', '3', 'unintentional', '2019-05-31 15:27:39', '2019-06-20 17:56:08');
INSERT INTO `think_search` VALUES ('214', '1', '1', 'creep', '2019-05-31 15:45:45', '2019-05-31 15:45:45');
INSERT INTO `think_search` VALUES ('217', '1', '3', 'pursuit', '2019-05-31 16:28:08', '2019-06-01 11:21:21');
INSERT INTO `think_search` VALUES ('218', '1', '1', 'video', '2019-05-31 16:31:36', '2019-05-31 16:31:36');
INSERT INTO `think_search` VALUES ('219', '1', '1', 'faith', '2019-05-31 17:30:49', '2019-05-31 17:30:49');
INSERT INTO `think_search` VALUES ('220', '1', '2', 'endured', '2019-05-31 17:31:46', '2019-05-31 21:28:08');
INSERT INTO `think_search` VALUES ('221', '1', '1', 'move', '2019-05-31 17:36:49', '2019-05-31 17:36:49');
INSERT INTO `think_search` VALUES ('222', '1', '1', 'recurring', '2019-05-31 17:40:07', '2019-05-31 17:40:07');
INSERT INTO `think_search` VALUES ('223', '1', '1', 'gotta', '2019-05-31 17:43:14', '2019-05-31 17:43:14');
INSERT INTO `think_search` VALUES ('224', '1', '1', 'protect', '2019-05-31 17:43:57', '2019-05-31 17:43:57');
INSERT INTO `think_search` VALUES ('225', '1', '1', 'tear', '2019-05-31 19:49:57', '2019-05-31 19:49:57');
INSERT INTO `think_search` VALUES ('226', '1', '1', 'chat', '2019-05-31 22:15:40', '2019-05-31 22:15:40');
INSERT INTO `think_search` VALUES ('227', '1', '2', 'buddy', '2019-05-31 22:19:19', '2019-06-01 00:06:12');
INSERT INTO `think_search` VALUES ('228', '1', '2', 'occupation', '2019-06-01 00:08:04', '2019-06-01 00:29:41');
INSERT INTO `think_search` VALUES ('229', '1', '1', 'constantly', '2019-06-01 00:16:04', '2019-06-01 00:16:04');
INSERT INTO `think_search` VALUES ('230', '1', '1', 'precious', '2019-06-01 00:17:08', '2019-06-01 00:17:08');
INSERT INTO `think_search` VALUES ('231', '1', '1', 'indifferent', '2019-06-01 00:26:41', '2019-06-01 00:26:41');
INSERT INTO `think_search` VALUES ('232', '1', '1', 'dish', '2019-06-01 00:30:49', '2019-06-01 00:30:49');
INSERT INTO `think_search` VALUES ('233', '1', '1', 'doll', '2019-06-01 00:31:52', '2019-06-01 00:31:52');
INSERT INTO `think_search` VALUES ('234', '1', '2', 'splendid', '2019-06-01 00:32:45', '2019-06-01 08:36:10');
INSERT INTO `think_search` VALUES ('235', '1', '1', 'momentarily', '2019-06-01 00:36:13', '2019-06-01 00:36:13');
INSERT INTO `think_search` VALUES ('236', '1', '2', 'engage', '2019-06-01 00:39:35', '2019-06-01 08:36:30');
INSERT INTO `think_search` VALUES ('237', '1', '2', 'leisure', '2019-06-01 00:47:31', '2019-06-01 08:37:15');
INSERT INTO `think_search` VALUES ('238', '1', '2', 'obliged', '2019-06-01 00:49:41', '2019-06-01 08:37:59');
INSERT INTO `think_search` VALUES ('239', '1', '2', 'oblige', '2019-06-01 00:50:03', '2019-06-01 08:38:07');
INSERT INTO `think_search` VALUES ('240', '1', '1', 'pursue', '2019-06-01 00:53:26', '2019-06-01 00:53:26');
INSERT INTO `think_search` VALUES ('242', '1', '1', 'bridge', '2019-06-01 01:00:06', '2019-06-01 01:00:06');
INSERT INTO `think_search` VALUES ('243', '1', '1', 'proper', '2019-06-01 01:03:11', '2019-06-01 01:03:11');
INSERT INTO `think_search` VALUES ('244', '1', '1', 'concluded', '2019-06-01 01:09:05', '2019-06-01 01:09:05');
INSERT INTO `think_search` VALUES ('245', '1', '1', 'conclude', '2019-06-01 01:11:27', '2019-06-01 01:11:27');
INSERT INTO `think_search` VALUES ('246', '1', '1', 'disobedient', '2019-06-01 01:11:50', '2019-06-01 01:11:50');
INSERT INTO `think_search` VALUES ('247', '1', '3', 'obedient', '2019-06-01 01:12:50', '2019-06-02 07:54:38');
INSERT INTO `think_search` VALUES ('248', '1', '1', 'balance', '2019-06-01 14:39:12', '2019-06-01 14:39:12');
INSERT INTO `think_search` VALUES ('249', '1', '1', 'boring', '2019-06-01 15:01:58', '2019-06-01 15:01:58');
INSERT INTO `think_search` VALUES ('250', '1', '1', 'fountain', '2019-06-01 17:59:23', '2019-06-01 17:59:23');
INSERT INTO `think_search` VALUES ('252', '1', '2', 'clarify', '2019-06-03 10:31:26', '2019-06-04 10:21:18');
INSERT INTO `think_search` VALUES ('253', '1', '1', 'conservative', '2019-06-03 10:35:41', '2019-06-03 10:35:41');
INSERT INTO `think_search` VALUES ('254', '1', '1', 'royal', '2019-06-03 11:15:43', '2019-06-03 11:15:43');
INSERT INTO `think_search` VALUES ('257', '1', '2', 'instantiated', '2019-06-03 11:46:47', '2019-06-03 11:46:54');
INSERT INTO `think_search` VALUES ('258', '1', '1', 'inheritance', '2019-06-03 12:00:49', '2019-06-03 12:00:49');
INSERT INTO `think_search` VALUES ('259', '1', '1', 'mislead', '2019-06-03 15:19:22', '2019-06-03 15:19:22');
INSERT INTO `think_search` VALUES ('260', '1', '2', 'idiom', '2019-06-03 15:22:18', '2019-06-10 15:27:29');
INSERT INTO `think_search` VALUES ('261', '1', '1', 'insurance', '2019-06-03 15:26:40', '2019-06-03 15:26:40');
INSERT INTO `think_search` VALUES ('262', '1', '2', 'circumstance', '2019-06-03 15:28:19', '2019-07-02 11:07:38');
INSERT INTO `think_search` VALUES ('263', '1', '1', 'mildly', '2019-06-03 15:30:31', '2019-06-03 15:30:31');
INSERT INTO `think_search` VALUES ('264', '1', '1', 'slightly', '2019-06-03 15:31:41', '2019-06-03 15:31:41');
INSERT INTO `think_search` VALUES ('265', '1', '2', 'counterintuitive', '2019-06-03 15:31:57', '2019-06-18 16:26:09');
INSERT INTO `think_search` VALUES ('267', '1', '1', 'intuitive', '2019-06-03 15:32:39', '2019-06-03 15:32:39');
INSERT INTO `think_search` VALUES ('268', '1', '1', 'expressly', '2019-06-03 15:33:31', '2019-06-03 15:33:31');
INSERT INTO `think_search` VALUES ('269', '1', '1', 'effect', '2019-06-03 15:35:42', '2019-06-03 15:35:42');
INSERT INTO `think_search` VALUES ('270', '1', '4', 'invoke', '2019-06-03 15:37:21', '2019-07-15 17:43:25');
INSERT INTO `think_search` VALUES ('271', '1', '1', 'protest', '2019-06-03 22:04:03', '2019-06-03 22:04:03');
INSERT INTO `think_search` VALUES ('272', '1', '1', 'trap', '2019-06-03 22:49:46', '2019-06-03 22:49:46');
INSERT INTO `think_search` VALUES ('273', '1', '1', 'student', '2019-06-03 22:51:00', '2019-06-03 22:51:00');
INSERT INTO `think_search` VALUES ('274', '1', '1', 'attachment', '2019-06-04 10:14:52', '2019-06-04 10:14:52');
INSERT INTO `think_search` VALUES ('275', '1', '2', 'defect', '2019-06-04 10:31:17', '2019-06-04 10:31:55');
INSERT INTO `think_search` VALUES ('276', '1', '3', 'facility', '2019-06-04 10:33:17', '2019-07-09 17:25:22');
INSERT INTO `think_search` VALUES ('277', '1', '1', 'donation', '2019-06-04 17:43:34', '2019-06-04 17:43:34');
INSERT INTO `think_search` VALUES ('278', '1', '1', 'donate', '2019-06-04 17:46:20', '2019-06-04 17:46:20');
INSERT INTO `think_search` VALUES ('279', '1', '1', 'agony', '2019-06-04 20:55:24', '2019-06-04 20:55:24');
INSERT INTO `think_search` VALUES ('280', '1', '1', 'state', '2019-06-04 21:05:22', '2019-06-04 21:05:22');
INSERT INTO `think_search` VALUES ('281', '1', '1', 'assertive', '2019-06-04 21:08:16', '2019-06-04 21:08:16');
INSERT INTO `think_search` VALUES ('282', '1', '1', 'assert', '2019-06-04 21:08:29', '2019-06-04 21:08:29');
INSERT INTO `think_search` VALUES ('284', '1', '1', 'integrate', '2019-06-04 23:12:55', '2019-06-04 23:12:55');
INSERT INTO `think_search` VALUES ('285', '1', '2', 'blanket', '2019-06-05 17:11:11', '2019-06-05 17:12:07');
INSERT INTO `think_search` VALUES ('286', '1', '1', 'spine', '2019-06-05 19:40:39', '2019-06-05 19:40:39');
INSERT INTO `think_search` VALUES ('287', '1', '1', 'fiber', '2019-06-05 19:41:11', '2019-06-05 19:41:11');
INSERT INTO `think_search` VALUES ('288', '1', '1', 'respire', '2019-06-05 19:42:35', '2019-06-05 19:42:35');
INSERT INTO `think_search` VALUES ('289', '1', '3', 'dependency', '2019-06-05 20:55:41', '2019-06-13 14:55:34');
INSERT INTO `think_search` VALUES ('290', '1', '3', 'injection', '2019-06-05 20:56:36', '2019-06-13 14:56:29');
INSERT INTO `think_search` VALUES ('291', '1', '2', 'satisfactory', '2019-06-05 20:58:08', '2019-06-13 14:57:52');
INSERT INTO `think_search` VALUES ('292', '1', '5', 'concurrent', '2019-06-05 20:59:50', '2019-08-02 14:49:10');
INSERT INTO `think_search` VALUES ('293', '1', '2', 'inappropriate', '2019-06-05 21:00:40', '2019-06-13 15:03:56');
INSERT INTO `think_search` VALUES ('294', '1', '3', 'appropriate', '2019-06-05 21:01:16', '2019-07-18 21:11:05');
INSERT INTO `think_search` VALUES ('295', '1', '2', 'comprehensive', '2019-06-06 07:48:51', '2019-06-06 07:49:22');
INSERT INTO `think_search` VALUES ('296', '1', '3', 'warrant', '2019-06-06 07:50:02', '2019-06-06 16:02:52');
INSERT INTO `think_search` VALUES ('297', '1', '5', 'underlying', '2019-06-06 14:53:01', '2019-06-06 16:02:15');
INSERT INTO `think_search` VALUES ('298', '1', '1', 'along', '2019-06-06 16:40:34', '2019-06-06 16:40:34');
INSERT INTO `think_search` VALUES ('304', '1', '2', 'operate', '2019-06-06 18:13:16', '2019-06-06 19:14:13');
INSERT INTO `think_search` VALUES ('305', '10', '2', 'with', '2019-06-06 18:19:39', '2019-06-06 18:19:47');
INSERT INTO `think_search` VALUES ('306', '1', '1', 'tan', '2019-06-06 19:33:52', '2019-06-06 19:33:52');
INSERT INTO `think_search` VALUES ('307', '1', '2', 'water', '2019-06-06 19:35:13', '2019-06-06 21:08:24');
INSERT INTO `think_search` VALUES ('308', '1', '1', 'magnificent', '2019-06-06 21:38:18', '2019-06-06 21:38:18');
INSERT INTO `think_search` VALUES ('309', '1', '1', 'awake', '2019-06-06 21:39:55', '2019-06-06 21:39:55');
INSERT INTO `think_search` VALUES ('310', '1', '1', 'zombie', '2019-06-06 21:41:01', '2019-06-06 21:41:01');
INSERT INTO `think_search` VALUES ('311', '1', '3', 'envy', '2019-06-06 21:45:41', '2019-07-09 21:20:30');
INSERT INTO `think_search` VALUES ('312', '1', '2', 'personality', '2019-06-06 21:47:36', '2019-06-06 21:49:32');
INSERT INTO `think_search` VALUES ('313', '1', '1', 'mad', '2019-06-06 21:51:31', '2019-06-06 21:51:31');
INSERT INTO `think_search` VALUES ('314', '1', '2', 'obligation', '2019-06-07 06:50:41', '2019-07-26 20:28:14');
INSERT INTO `think_search` VALUES ('315', '1', '1', 'dragon', '2019-06-07 10:27:11', '2019-06-07 10:27:11');
INSERT INTO `think_search` VALUES ('316', '1', '2', 'pyramid', '2019-06-07 11:53:05', '2019-06-10 05:05:58');
INSERT INTO `think_search` VALUES ('317', '1', '1', 'fool', '2019-06-07 16:59:44', '2019-06-07 16:59:44');
INSERT INTO `think_search` VALUES ('318', '1', '2', 'introvert', '2019-06-07 17:28:36', '2019-06-10 05:06:30');
INSERT INTO `think_search` VALUES ('319', '1', '2', 'extrovert', '2019-06-07 17:29:28', '2019-06-10 05:07:29');
INSERT INTO `think_search` VALUES ('320', '1', '2', 'ambivert', '2019-06-07 17:30:52', '2019-06-10 05:13:22');
INSERT INTO `think_search` VALUES ('321', '1', '2', 'peel', '2019-06-08 11:39:41', '2019-06-10 05:09:12');
INSERT INTO `think_search` VALUES ('322', '1', '3', 'grate', '2019-06-08 11:40:23', '2019-06-10 05:12:06');
INSERT INTO `think_search` VALUES ('323', '1', '2', 'chop', '2019-06-08 11:41:28', '2019-06-10 05:09:36');
INSERT INTO `think_search` VALUES ('324', '1', '2', 'slice', '2019-06-08 11:41:57', '2019-06-10 05:10:40');
INSERT INTO `think_search` VALUES ('325', '1', '1', 'tug', '2019-06-10 05:04:18', '2019-06-10 05:04:18');
INSERT INTO `think_search` VALUES ('326', '1', '2', 'journal', '2019-06-10 06:12:01', '2019-06-10 06:14:57');
INSERT INTO `think_search` VALUES ('327', '1', '1', 'diary', '2019-06-10 06:12:25', '2019-06-10 06:12:25');
INSERT INTO `think_search` VALUES ('328', '1', '1', 'slang', '2019-06-10 15:28:13', '2019-06-10 15:28:13');
INSERT INTO `think_search` VALUES ('329', '1', '1', 'merrier', '2019-06-10 16:05:57', '2019-06-10 16:05:57');
INSERT INTO `think_search` VALUES ('330', '1', '1', 'merry', '2019-06-10 16:06:27', '2019-06-10 16:06:27');
INSERT INTO `think_search` VALUES ('331', '1', '1', 'slowly', '2019-06-10 16:08:18', '2019-06-10 16:08:18');
INSERT INTO `think_search` VALUES ('332', '1', '1', 'lunch', '2019-06-10 16:14:01', '2019-06-10 16:14:01');
INSERT INTO `think_search` VALUES ('333', '1', '2', 'junk', '2019-06-10 16:15:13', '2019-06-10 20:04:54');
INSERT INTO `think_search` VALUES ('334', '1', '1', 'mate', '2019-06-10 16:24:24', '2019-06-10 16:24:24');
INSERT INTO `think_search` VALUES ('335', '1', '2', 'effort', '2019-06-11 10:36:10', '2019-07-03 21:02:56');
INSERT INTO `think_search` VALUES ('336', '1', '2', 'experience', '2019-06-11 10:38:35', '2019-07-19 19:54:00');
INSERT INTO `think_search` VALUES ('337', '1', '1', 'shine', '2019-06-11 10:39:46', '2019-06-11 10:39:46');
INSERT INTO `think_search` VALUES ('338', '1', '1', 'penalize', '2019-06-11 10:44:38', '2019-06-11 10:44:38');
INSERT INTO `think_search` VALUES ('339', '1', '2', 'primary', '2019-06-11 10:46:11', '2019-06-11 11:22:41');
INSERT INTO `think_search` VALUES ('340', '1', '1', 'prism', '2019-06-11 10:47:10', '2019-06-11 10:47:10');
INSERT INTO `think_search` VALUES ('341', '1', '1', 'productive', '2019-06-11 10:47:52', '2019-06-11 10:47:52');
INSERT INTO `think_search` VALUES ('342', '1', '1', 'dismiss', '2019-06-11 10:55:05', '2019-06-11 10:55:05');
INSERT INTO `think_search` VALUES ('343', '1', '1', 'sack', '2019-06-11 10:55:10', '2019-06-11 10:55:10');
INSERT INTO `think_search` VALUES ('344', '1', '1', 'associate', '2019-06-11 11:25:06', '2019-06-11 11:25:06');
INSERT INTO `think_search` VALUES ('345', '1', '1', 'lord', '2019-06-11 11:36:12', '2019-06-11 11:36:12');
INSERT INTO `think_search` VALUES ('348', '1', '2', 'extradite', '2019-06-11 15:59:40', '2019-06-11 15:59:53');
INSERT INTO `think_search` VALUES ('349', '1', '1', 'cynical', '2019-06-12 10:30:00', '2019-06-12 10:30:00');
INSERT INTO `think_search` VALUES ('350', '1', '2', 'project', '2019-06-12 10:54:47', '2019-07-30 16:02:14');
INSERT INTO `think_search` VALUES ('351', '1', '8', 'arbitrary', '2019-06-13 15:14:37', '2019-07-09 11:44:42');
INSERT INTO `think_search` VALUES ('352', '1', '1', 'graph', '2019-06-13 15:16:57', '2019-06-13 15:16:57');
INSERT INTO `think_search` VALUES ('353', '1', '2', 'preserve', '2019-06-13 15:18:17', '2019-06-13 15:19:35');
INSERT INTO `think_search` VALUES ('354', '1', '2', 'immutability', '2019-06-13 15:18:43', '2019-06-13 15:19:09');
INSERT INTO `think_search` VALUES ('355', '1', '2', 'applicable', '2019-06-13 15:19:57', '2019-06-13 15:21:08');
INSERT INTO `think_search` VALUES ('356', '1', '1', 'equally', '2019-06-13 15:20:34', '2019-06-13 15:20:34');
INSERT INTO `think_search` VALUES ('357', '1', '1', 'embody', '2019-06-13 15:22:56', '2019-06-13 15:22:56');
INSERT INTO `think_search` VALUES ('358', '1', '1', 'constrain', '2019-06-13 15:24:12', '2019-06-13 15:24:12');
INSERT INTO `think_search` VALUES ('359', '1', '1', 'wildcard', '2019-06-13 15:25:16', '2019-06-13 15:25:16');
INSERT INTO `think_search` VALUES ('360', '1', '3', 'specified', '2019-06-13 15:25:37', '2019-06-13 15:26:13');
INSERT INTO `think_search` VALUES ('361', '1', '1', 'specify', '2019-06-13 15:25:57', '2019-06-13 15:25:57');
INSERT INTO `think_search` VALUES ('362', '1', '2', 'mosaic', '2019-06-13 15:27:08', '2019-06-13 15:28:03');
INSERT INTO `think_search` VALUES ('363', '1', '1', 'tile', '2019-06-13 15:28:27', '2019-06-13 15:28:27');
INSERT INTO `think_search` VALUES ('364', '1', '3', 'clutter', '2019-06-13 15:31:21', '2019-06-27 11:55:37');
INSERT INTO `think_search` VALUES ('365', '1', '2', 'eliminate', '2019-06-13 15:33:15', '2019-06-21 11:42:37');
INSERT INTO `think_search` VALUES ('366', '1', '1', 'trivially', '2019-06-13 15:34:23', '2019-06-13 15:34:23');
INSERT INTO `think_search` VALUES ('367', '1', '3', 'enhance', '2019-06-13 15:35:17', '2019-06-25 16:42:39');
INSERT INTO `think_search` VALUES ('368', '1', '1', 'needle', '2019-06-13 15:44:09', '2019-06-13 15:44:09');
INSERT INTO `think_search` VALUES ('369', '1', '1', 'haystack', '2019-06-13 15:44:29', '2019-06-13 15:44:29');
INSERT INTO `think_search` VALUES ('370', '1', '1', 'hay', '2019-06-13 15:45:10', '2019-06-13 15:45:10');
INSERT INTO `think_search` VALUES ('371', '1', '1', 'lens', '2019-06-13 17:39:43', '2019-06-13 17:39:43');
INSERT INTO `think_search` VALUES ('372', '1', '1', 'pretentious', '2019-06-13 17:40:18', '2019-06-13 17:40:18');
INSERT INTO `think_search` VALUES ('373', '1', '1', 'humble', '2019-06-13 17:40:40', '2019-06-13 17:40:40');
INSERT INTO `think_search` VALUES ('374', '1', '1', 'chew', '2019-06-13 20:56:13', '2019-06-13 20:56:13');
INSERT INTO `think_search` VALUES ('375', '1', '1', 'july', '2019-06-13 20:57:19', '2019-06-13 20:57:19');
INSERT INTO `think_search` VALUES ('376', '1', '1', 'bredget', '2019-06-13 20:57:36', '2019-06-13 20:57:36');
INSERT INTO `think_search` VALUES ('377', '1', '1', 'bridget', '2019-06-13 20:57:47', '2019-06-13 20:57:47');
INSERT INTO `think_search` VALUES ('378', '1', '1', 'evade', '2019-06-14 09:59:54', '2019-06-14 09:59:54');
INSERT INTO `think_search` VALUES ('380', '1', '1', 'invade', '2019-06-14 10:00:12', '2019-06-14 10:00:12');
INSERT INTO `think_search` VALUES ('381', '1', '1', 'lay off', '2019-06-14 10:02:14', '2019-06-14 10:02:14');
INSERT INTO `think_search` VALUES ('382', '1', '1', 'literally', '2019-06-14 10:11:31', '2019-06-14 10:11:31');
INSERT INTO `think_search` VALUES ('383', '1', '1', 'insane', '2019-06-14 10:24:36', '2019-06-14 10:24:36');
INSERT INTO `think_search` VALUES ('384', '1', '2', 'immutable', '2019-06-14 10:39:49', '2019-07-26 21:18:34');
INSERT INTO `think_search` VALUES ('385', '1', '1', 'extreme', '2019-06-14 10:40:49', '2019-06-14 10:40:49');
INSERT INTO `think_search` VALUES ('386', '1', '1', 'functionally', '2019-06-14 10:43:37', '2019-06-14 10:43:37');
INSERT INTO `think_search` VALUES ('387', '1', '1', 'literal', '2019-06-14 10:45:09', '2019-06-14 10:45:09');
INSERT INTO `think_search` VALUES ('388', '1', '2', 'preference', '2019-06-14 10:46:30', '2019-06-14 10:47:53');
INSERT INTO `think_search` VALUES ('389', '1', '2', 'mutable', '2019-06-14 10:48:37', '2019-07-26 21:18:52');
INSERT INTO `think_search` VALUES ('390', '1', '3', 'advisable', '2019-06-14 10:49:55', '2019-07-11 15:42:07');
INSERT INTO `think_search` VALUES ('392', '1', '4', 'champion', '2019-06-14 12:19:57', '2019-06-14 14:59:59');
INSERT INTO `think_search` VALUES ('393', '1', '3', 'stable', '2019-06-14 21:05:53', '2019-06-17 10:48:37');
INSERT INTO `think_search` VALUES ('394', '1', '1', 'district', '2019-06-18 14:19:03', '2019-06-18 14:19:03');
INSERT INTO `think_search` VALUES ('395', '1', '1', 'muffin', '2019-06-18 14:28:50', '2019-06-18 14:28:50');
INSERT INTO `think_search` VALUES ('396', '1', '1', 'internally', '2019-06-18 16:10:46', '2019-06-18 16:10:46');
INSERT INTO `think_search` VALUES ('397', '1', '5', 'eligible', '2019-06-18 16:11:42', '2019-07-11 15:39:45');
INSERT INTO `think_search` VALUES ('398', '1', '2', 'finite', '2019-06-18 16:13:10', '2019-06-18 16:13:40');
INSERT INTO `think_search` VALUES ('399', '1', '1', 'arguably', '2019-06-18 16:18:27', '2019-06-18 16:18:27');
INSERT INTO `think_search` VALUES ('400', '1', '4', 'clarity', '2019-06-18 16:20:23', '2019-07-20 17:07:37');
INSERT INTO `think_search` VALUES ('401', '1', '2', 'measurable', '2019-06-18 16:22:54', '2019-06-18 16:23:31');
INSERT INTO `think_search` VALUES ('402', '1', '6', 'sincere', '2019-06-19 10:22:14', '2019-06-21 13:18:31');
INSERT INTO `think_search` VALUES ('403', '1', '1', 'serenity', '2019-06-19 17:37:32', '2019-06-19 17:37:32');
INSERT INTO `think_search` VALUES ('404', '1', '2', 'naively', '2019-06-20 16:10:53', '2019-06-20 16:11:48');
INSERT INTO `think_search` VALUES ('405', '1', '1', 'back', '2019-06-20 16:12:12', '2019-06-20 16:12:12');
INSERT INTO `think_search` VALUES ('406', '1', '2', 'blur', '2019-06-20 17:42:22', '2019-06-24 15:49:50');
INSERT INTO `think_search` VALUES ('407', '1', '1', 'erase', '2019-06-20 17:43:18', '2019-06-20 17:43:18');
INSERT INTO `think_search` VALUES ('408', '1', '1', 'distinction', '2019-06-20 17:43:56', '2019-06-20 17:43:56');
INSERT INTO `think_search` VALUES ('409', '1', '2', 'subtle', '2019-06-20 17:44:53', '2019-07-15 18:01:28');
INSERT INTO `think_search` VALUES ('410', '1', '2', 'semantic', '2019-06-20 17:46:09', '2019-06-20 17:46:57');
INSERT INTO `think_search` VALUES ('411', '1', '1', 'arithmetic', '2019-06-20 17:47:12', '2019-06-20 17:47:12');
INSERT INTO `think_search` VALUES ('412', '1', '3', 'typographical', '2019-06-20 17:51:26', '2019-06-20 17:53:52');
INSERT INTO `think_search` VALUES ('413', '1', '1', 'roughly', '2019-06-20 17:54:50', '2019-06-20 17:54:50');
INSERT INTO `think_search` VALUES ('414', '1', '2', 'imply', '2019-06-20 17:57:50', '2019-06-20 17:59:12');
INSERT INTO `think_search` VALUES ('415', '1', '1', 'contrary', '2019-06-20 17:59:39', '2019-06-20 17:59:39');
INSERT INTO `think_search` VALUES ('416', '1', '1', 'reclamation', '2019-06-20 18:00:33', '2019-06-20 18:00:33');
INSERT INTO `think_search` VALUES ('417', '1', '1', 'conversely', '2019-06-20 19:26:30', '2019-06-20 19:26:30');
INSERT INTO `think_search` VALUES ('418', '1', '1', 'heavyweight', '2019-06-20 19:27:53', '2019-06-20 19:27:53');
INSERT INTO `think_search` VALUES ('419', '1', '1', 'justify', '2019-06-20 19:29:37', '2019-06-20 19:29:37');
INSERT INTO `think_search` VALUES ('420', '1', '2', 'sufficiently', '2019-06-20 19:30:49', '2019-06-20 19:31:51');
INSERT INTO `think_search` VALUES ('421', '1', '3', 'footprint', '2019-06-20 19:32:32', '2019-06-25 21:03:11');
INSERT INTO `think_search` VALUES ('422', '1', '2', 'counterpoint', '2019-06-20 19:36:17', '2019-06-20 19:37:21');
INSERT INTO `think_search` VALUES ('423', '1', '1', 'defensive', '2019-06-20 19:37:37', '2019-06-20 19:37:37');
INSERT INTO `think_search` VALUES ('424', '1', '4', 'insidious', '2019-06-20 19:38:27', '2019-06-27 11:31:47');
INSERT INTO `think_search` VALUES ('425', '1', '1', 'gradually', '2019-06-20 19:41:56', '2019-06-20 19:41:56');
INSERT INTO `think_search` VALUES ('426', '1', '2', 'demand', '2019-06-21 11:00:34', '2019-06-21 11:01:06');
INSERT INTO `think_search` VALUES ('427', '1', '1', 'owe', '2019-06-21 11:16:32', '2019-06-21 11:16:32');
INSERT INTO `think_search` VALUES ('428', '1', '1', 'rescue', '2019-06-21 11:26:49', '2019-06-21 11:26:49');
INSERT INTO `think_search` VALUES ('429', '1', '2', 'operation', '2019-06-21 11:28:18', '2019-06-21 11:28:28');
INSERT INTO `think_search` VALUES ('430', '1', '1', 'supervise', '2019-06-21 11:29:02', '2019-06-21 11:29:02');
INSERT INTO `think_search` VALUES ('431', '1', '1', 'wooden', '2019-06-21 11:39:24', '2019-06-21 11:39:24');
INSERT INTO `think_search` VALUES ('432', '1', '2', 'reclaim', '2019-06-21 11:45:29', '2019-07-09 17:20:44');
INSERT INTO `think_search` VALUES ('433', '1', '1', 'territory', '2019-06-21 13:15:01', '2019-06-21 13:15:01');
INSERT INTO `think_search` VALUES ('434', '1', '1', 'pajamas', '2019-06-21 14:13:18', '2019-06-21 14:13:18');
INSERT INTO `think_search` VALUES ('435', '1', '2', 'urban', '2019-06-21 14:45:47', '2019-06-21 14:46:51');
INSERT INTO `think_search` VALUES ('436', '1', '1', 'riders', '2019-06-21 14:47:18', '2019-06-21 14:47:18');
INSERT INTO `think_search` VALUES ('437', '1', '1', 'approval', '2019-06-22 14:37:36', '2019-06-22 14:37:36');
INSERT INTO `think_search` VALUES ('438', '1', '1', 'oatmeal', '2019-06-23 10:24:38', '2019-06-23 10:24:38');
INSERT INTO `think_search` VALUES ('439', '1', '2', 'agenda', '2019-06-24 11:05:27', '2019-06-24 11:05:44');
INSERT INTO `think_search` VALUES ('440', '1', '1', 'emoji', '2019-06-24 14:50:32', '2019-06-24 14:50:32');
INSERT INTO `think_search` VALUES ('441', '1', '1', 'will', '2019-06-24 15:39:15', '2019-06-24 15:39:15');
INSERT INTO `think_search` VALUES ('442', '1', '1', 'fatigue', '2019-06-24 15:54:04', '2019-06-24 15:54:04');
INSERT INTO `think_search` VALUES ('443', '1', '3', 'spam', '2019-06-24 16:26:56', '2019-07-29 17:54:35');
INSERT INTO `think_search` VALUES ('444', '1', '2', 'mixer', '2019-06-24 16:35:17', '2019-06-24 16:38:09');
INSERT INTO `think_search` VALUES ('445', '1', '2', 'mixing', '2019-06-24 16:35:42', '2019-06-24 16:35:55');
INSERT INTO `think_search` VALUES ('446', '1', '1', 'mixture', '2019-06-24 16:36:36', '2019-06-24 16:36:36');
INSERT INTO `think_search` VALUES ('447', '1', '1', 'theory', '2019-06-25 10:56:26', '2019-06-25 10:56:26');
INSERT INTO `think_search` VALUES ('448', '1', '1', 'evolution', '2019-06-25 10:57:08', '2019-06-25 10:57:08');
INSERT INTO `think_search` VALUES ('449', '1', '1', 'mass', '2019-06-25 10:57:24', '2019-06-25 10:57:24');
INSERT INTO `think_search` VALUES ('450', '1', '3', 'mess', '2019-06-25 10:57:27', '2019-07-11 15:37:26');
INSERT INTO `think_search` VALUES ('451', '1', '2', 'profound', '2019-06-25 10:58:58', '2019-06-25 11:27:36');
INSERT INTO `think_search` VALUES ('452', '1', '1', 'expose', '2019-06-25 12:53:27', '2019-06-25 12:53:27');
INSERT INTO `think_search` VALUES ('453', '1', '1', 'experiment', '2019-06-25 12:53:40', '2019-06-25 12:53:40');
INSERT INTO `think_search` VALUES ('454', '1', '1', 'permanent', '2019-06-25 13:22:07', '2019-06-25 13:22:07');
INSERT INTO `think_search` VALUES ('455', '1', '1', 'wild', '2019-06-25 16:05:07', '2019-06-25 16:05:07');
INSERT INTO `think_search` VALUES ('456', '1', '5', 'prompt', '2019-06-25 16:08:01', '2019-07-08 21:05:38');
INSERT INTO `think_search` VALUES ('457', '1', '1', 'put away', '2019-06-25 18:14:28', '2019-06-25 18:14:28');
INSERT INTO `think_search` VALUES ('458', '1', '1', 'abortion', '2019-06-25 18:52:11', '2019-06-25 18:52:11');
INSERT INTO `think_search` VALUES ('459', '1', '1', 'combat', '2019-06-25 18:55:53', '2019-06-25 18:55:53');
INSERT INTO `think_search` VALUES ('460', '1', '2', 'exhaustively', '2019-06-25 21:01:03', '2019-06-25 21:01:51');
INSERT INTO `think_search` VALUES ('461', '1', '3', 'manifest', '2019-06-25 21:04:24', '2019-07-02 11:15:22');
INSERT INTO `think_search` VALUES ('462', '1', '1', 'murder', '2019-06-26 10:21:34', '2019-06-26 10:21:34');
INSERT INTO `think_search` VALUES ('463', '1', '1', 'fail', '2019-06-26 10:46:37', '2019-06-26 10:46:37');
INSERT INTO `think_search` VALUES ('464', '1', '1', 'failure', '2019-06-26 10:46:47', '2019-06-26 10:46:47');
INSERT INTO `think_search` VALUES ('465', '1', '1', 'deliberate', '2019-06-26 11:08:19', '2019-06-26 11:08:19');
INSERT INTO `think_search` VALUES ('466', '1', '1', 'persuade', '2019-06-26 11:35:42', '2019-06-26 11:35:42');
INSERT INTO `think_search` VALUES ('467', '1', '1', 'vacation', '2019-06-26 11:43:54', '2019-06-26 11:43:54');
INSERT INTO `think_search` VALUES ('468', '1', '1', 'nerd', '2019-06-26 12:00:47', '2019-06-26 12:00:47');
INSERT INTO `think_search` VALUES ('469', '1', '1', 'preparation', '2019-06-26 12:02:07', '2019-06-26 12:02:07');
INSERT INTO `think_search` VALUES ('470', '1', '1', 'prepare', '2019-06-26 12:03:41', '2019-06-26 12:03:41');
INSERT INTO `think_search` VALUES ('471', '1', '1', 'shrink', '2019-06-26 21:15:39', '2019-06-26 21:15:39');
INSERT INTO `think_search` VALUES ('472', '1', '1', 'reference', '2019-06-26 21:17:24', '2019-06-26 21:17:24');
INSERT INTO `think_search` VALUES ('473', '1', '1', 'portion', '2019-06-26 21:17:50', '2019-06-26 21:17:50');
INSERT INTO `think_search` VALUES ('474', '1', '3', 'retention', '2019-06-26 21:20:51', '2019-07-30 16:17:42');
INSERT INTO `think_search` VALUES ('475', '1', '1', 'exclude', '2019-06-26 21:22:40', '2019-06-26 21:22:40');
INSERT INTO `think_search` VALUES ('476', '1', '1', 'include', '2019-06-26 21:23:22', '2019-06-26 21:23:22');
INSERT INTO `think_search` VALUES ('477', '1', '2', 'potentially', '2019-06-26 21:23:54', '2019-06-26 21:25:34');
INSERT INTO `think_search` VALUES ('478', '1', '2', 'potential', '2019-06-26 21:25:41', '2019-06-26 21:25:46');
INSERT INTO `think_search` VALUES ('479', '1', '2', 'dereference', '2019-06-27 11:48:02', '2019-06-27 11:48:27');
INSERT INTO `think_search` VALUES ('480', '1', '2', 'stung', '2019-06-27 11:51:13', '2019-06-27 11:54:00');
INSERT INTO `think_search` VALUES ('481', '1', '3', 'compensate', '2019-06-27 11:54:34', '2019-06-28 13:49:10');
INSERT INTO `think_search` VALUES ('482', '1', '3', 'desirable', '2019-06-27 11:55:18', '2019-07-08 21:08:53');
INSERT INTO `think_search` VALUES ('483', '1', '1', 'norm', '2019-06-27 11:55:44', '2019-06-27 11:55:44');
INSERT INTO `think_search` VALUES ('484', '1', '2', 'narrowest', '2019-06-27 11:56:27', '2019-06-27 11:56:38');
INSERT INTO `think_search` VALUES ('485', '1', '1', 'scope', '2019-06-27 11:57:43', '2019-06-27 11:57:43');
INSERT INTO `think_search` VALUES ('486', '1', '1', 'attention', '2019-06-27 21:35:19', '2019-06-27 21:35:19');
INSERT INTO `think_search` VALUES ('487', '1', '1', 'usually', '2019-06-27 21:36:44', '2019-06-27 21:36:44');
INSERT INTO `think_search` VALUES ('488', '1', '1', 'recognition', '2019-06-28 09:47:26', '2019-06-28 09:47:26');
INSERT INTO `think_search` VALUES ('489', '1', '1', 'flow', '2019-06-28 10:22:55', '2019-06-28 10:22:55');
INSERT INTO `think_search` VALUES ('490', '1', '1', 'computer', '2019-06-28 10:24:40', '2019-06-28 10:24:40');
INSERT INTO `think_search` VALUES ('491', '1', '1', 'fraud', '2019-06-28 10:25:56', '2019-06-28 10:25:56');
INSERT INTO `think_search` VALUES ('492', '1', '1', 'brain', '2019-06-28 10:31:19', '2019-06-28 10:31:19');
INSERT INTO `think_search` VALUES ('493', '1', '1', 'diabete', '2019-06-28 10:32:20', '2019-06-28 10:32:20');
INSERT INTO `think_search` VALUES ('494', '1', '1', 'prominent', '2019-06-28 10:35:30', '2019-06-28 10:35:30');
INSERT INTO `think_search` VALUES ('495', '1', '1', 'ax', '2019-06-28 10:40:54', '2019-06-28 10:40:54');
INSERT INTO `think_search` VALUES ('496', '1', '1', 'reflect', '2019-06-28 10:45:40', '2019-06-28 10:45:40');
INSERT INTO `think_search` VALUES ('497', '12', '3', 'god', '2019-06-28 14:28:11', '2019-06-28 14:28:33');
INSERT INTO `think_search` VALUES ('498', '1', '1', 'defy', '2019-06-29 11:15:43', '2019-06-29 11:15:43');
INSERT INTO `think_search` VALUES ('499', '1', '2', 'odd', '2019-06-29 11:15:52', '2019-07-08 21:13:52');
INSERT INTO `think_search` VALUES ('500', '1', '1', 'wired', '2019-06-29 17:57:42', '2019-06-29 17:57:42');
INSERT INTO `think_search` VALUES ('501', '1', '1', 'garlic', '2019-07-01 16:15:23', '2019-07-01 16:15:23');
INSERT INTO `think_search` VALUES ('502', '1', '1', 'ex', '2019-07-01 16:21:20', '2019-07-01 16:21:20');
INSERT INTO `think_search` VALUES ('503', '1', '1', 'irrelevant', '2019-07-02 11:05:20', '2019-07-02 11:05:20');
INSERT INTO `think_search` VALUES ('504', '1', '2', 'latter', '2019-07-02 11:08:38', '2019-07-02 11:09:27');
INSERT INTO `think_search` VALUES ('505', '1', '1', 'sophisticate', '2019-07-02 11:09:46', '2019-07-02 11:09:46');
INSERT INTO `think_search` VALUES ('506', '1', '1', 'explicitly', '2019-07-02 11:13:50', '2019-07-02 11:13:50');
INSERT INTO `think_search` VALUES ('507', '1', '2', 'promptly', '2019-07-02 11:14:35', '2019-07-04 21:12:00');
INSERT INTO `think_search` VALUES ('508', '1', '4', 'inspection', '2019-07-02 11:16:59', '2019-07-30 10:34:32');
INSERT INTO `think_search` VALUES ('509', '1', '1', 'profiler', '2019-07-02 11:18:27', '2019-07-02 11:18:27');
INSERT INTO `think_search` VALUES ('510', '1', '2', 'anticipate', '2019-07-02 11:18:47', '2019-07-02 11:20:07');
INSERT INTO `think_search` VALUES ('511', '1', '1', 'migration', '2019-07-02 11:25:06', '2019-07-02 11:25:06');
INSERT INTO `think_search` VALUES ('512', '1', '1', 'elevator', '2019-07-03 13:01:56', '2019-07-03 13:01:56');
INSERT INTO `think_search` VALUES ('513', '1', '2', 'you', '2019-07-03 17:41:02', '2019-07-03 17:41:52');
INSERT INTO `think_search` VALUES ('514', '1', '2', 'your', '2019-07-03 17:41:06', '2019-07-03 17:41:42');
INSERT INTO `think_search` VALUES ('515', '1', '1', 'indeed', '2019-07-03 20:21:48', '2019-07-03 20:21:48');
INSERT INTO `think_search` VALUES ('516', '1', '4', 'finalizer', '2019-07-03 20:52:17', '2019-07-09 15:28:48');
INSERT INTO `think_search` VALUES ('517', '1', '1', 'erratic', '2019-07-03 20:55:54', '2019-07-03 20:55:54');
INSERT INTO `think_search` VALUES ('518', '1', '2', 'portability', '2019-07-03 20:56:46', '2019-07-03 20:57:38');
INSERT INTO `think_search` VALUES ('519', '1', '3', 'deprecate', '2019-07-03 20:58:26', '2019-07-08 21:19:29');
INSERT INTO `think_search` VALUES ('520', '1', '1', 'caution', '2019-07-03 20:58:59', '2019-07-03 20:58:59');
INSERT INTO `think_search` VALUES ('521', '1', '2', 'analogue', '2019-07-03 20:59:56', '2019-07-03 21:00:24');
INSERT INTO `think_search` VALUES ('522', '1', '2', 'counterpart', '2019-07-03 21:02:12', '2019-07-03 21:02:41');
INSERT INTO `think_search` VALUES ('523', '1', '1', 'vow', '2019-07-04 10:14:41', '2019-07-04 10:14:41');
INSERT INTO `think_search` VALUES ('524', '1', '1', 'neutral', '2019-07-04 10:47:57', '2019-07-04 10:47:57');
INSERT INTO `think_search` VALUES ('525', '1', '1', 'reckless', '2019-07-04 10:52:19', '2019-07-04 10:52:19');
INSERT INTO `think_search` VALUES ('526', '1', '1', 'competitor', '2019-07-04 19:41:32', '2019-07-04 19:41:32');
INSERT INTO `think_search` VALUES ('527', '1', '1', 'atom', '2019-07-04 20:07:01', '2019-07-04 20:07:01');
INSERT INTO `think_search` VALUES ('529', '1', '1', 'time critical', '2019-07-04 21:14:35', '2019-07-04 21:14:35');
INSERT INTO `think_search` VALUES ('530', '1', '2', 'grave', '2019-07-04 21:15:35', '2019-07-04 21:16:27');
INSERT INTO `think_search` VALUES ('531', '1', '2', 'tardiness', '2019-07-04 21:16:42', '2019-07-04 21:16:50');
INSERT INTO `think_search` VALUES ('532', '1', '2', 'promptness', '2019-07-04 21:18:46', '2019-07-04 21:18:57');
INSERT INTO `think_search` VALUES ('533', '1', '1', 'likewise', '2019-07-04 21:19:53', '2019-07-04 21:19:53');
INSERT INTO `think_search` VALUES ('534', '1', '2', 'miserably', '2019-07-04 21:21:00', '2019-07-04 21:21:46');
INSERT INTO `think_search` VALUES ('535', '1', '1', 'favored', '2019-07-04 21:22:00', '2019-07-04 21:22:00');
INSERT INTO `think_search` VALUES ('536', '1', '1', 'tardy', '2019-07-04 21:22:30', '2019-07-04 21:22:30');
INSERT INTO `think_search` VALUES ('537', '1', '1', 'theoretical', '2019-07-04 21:23:20', '2019-07-04 21:23:20');
INSERT INTO `think_search` VALUES ('539', '1', '1', 'dying', '2019-07-04 21:24:14', '2019-07-04 21:24:14');
INSERT INTO `think_search` VALUES ('540', '1', '1', 'mysteriously', '2019-07-04 21:24:35', '2019-07-04 21:24:35');
INSERT INTO `think_search` VALUES ('541', '1', '2', 'reap', '2019-07-05 10:49:20', '2019-07-05 10:50:03');
INSERT INTO `think_search` VALUES ('542', '1', '2', 'conduct', '2019-07-05 10:56:24', '2019-07-05 10:56:30');
INSERT INTO `think_search` VALUES ('543', '1', '1', 'robot', '2019-07-06 10:40:20', '2019-07-06 10:40:20');
INSERT INTO `think_search` VALUES ('544', '1', '1', 'block', '2019-07-06 10:41:00', '2019-07-06 10:41:00');
INSERT INTO `think_search` VALUES ('545', '1', '1', 'rup', '2019-07-06 18:41:18', '2019-07-06 18:41:18');
INSERT INTO `think_search` VALUES ('546', '1', '2', 'yup', '2019-07-06 18:41:32', '2019-07-06 18:41:55');
INSERT INTO `think_search` VALUES ('547', '1', '1', 'cucumber', '2019-07-07 10:19:40', '2019-07-07 10:19:40');
INSERT INTO `think_search` VALUES ('548', '1', '2', 'arrogant', '2019-07-07 20:52:09', '2019-07-07 20:52:24');
INSERT INTO `think_search` VALUES ('549', '1', '2', 'exboss', '2019-07-08 12:59:12', '2019-07-08 12:59:22');
INSERT INTO `think_search` VALUES ('550', '1', '1', 'beginner', '2019-07-08 18:02:22', '2019-07-08 18:02:22');
INSERT INTO `think_search` VALUES ('551', '1', '1', 'portable', '2019-07-08 21:01:37', '2019-07-08 21:01:37');
INSERT INTO `think_search` VALUES ('552', '1', '2', 'refrain', '2019-07-08 21:03:16', '2019-07-08 21:03:44');
INSERT INTO `think_search` VALUES ('553', '1', '1', 'regard', '2019-07-08 21:03:53', '2019-07-08 21:03:53');
INSERT INTO `think_search` VALUES ('554', '1', '3', 'specification', '2019-07-08 21:06:47', '2019-07-24 22:14:05');
INSERT INTO `think_search` VALUES ('555', '1', '3', 'persistent', '2019-07-08 21:08:14', '2019-07-09 21:23:15');
INSERT INTO `think_search` VALUES ('556', '1', '1', 'grind', '2019-07-08 21:09:57', '2019-07-08 21:09:57');
INSERT INTO `think_search` VALUES ('557', '1', '1', 'halt', '2019-07-08 21:10:41', '2019-07-08 21:10:41');
INSERT INTO `think_search` VALUES ('558', '1', '1', 'seduce', '2019-07-08 21:13:06', '2019-07-08 21:13:06');
INSERT INTO `think_search` VALUES ('559', '1', '2', 'evil', '2019-07-08 21:15:07', '2019-07-08 21:17:02');
INSERT INTO `think_search` VALUES ('560', '1', '1', 'twin', '2019-07-08 21:16:12', '2019-07-08 21:16:12');
INSERT INTO `think_search` VALUES ('561', '1', '2', 'fatally', '2019-07-08 21:17:28', '2019-07-08 21:17:57');
INSERT INTO `think_search` VALUES ('562', '1', '1', 'flaw', '2019-07-08 21:18:09', '2019-07-08 21:18:09');
INSERT INTO `think_search` VALUES ('563', '1', '1', 'decade', '2019-07-08 21:19:47', '2019-07-08 21:19:47');
INSERT INTO `think_search` VALUES ('564', '1', '1', 'prejudice', '2019-07-09 10:17:43', '2019-07-09 10:17:43');
INSERT INTO `think_search` VALUES ('565', '1', '2', 'sarcastic', '2019-07-09 10:19:49', '2019-07-09 10:21:09');
INSERT INTO `think_search` VALUES ('566', '1', '1', 'irony', '2019-07-09 10:20:05', '2019-07-09 10:20:05');
INSERT INTO `think_search` VALUES ('567', '1', '1', 'taught', '2019-07-09 10:23:17', '2019-07-09 10:23:17');
INSERT INTO `think_search` VALUES ('568', '1', '1', 'worth', '2019-07-09 10:24:41', '2019-07-09 10:24:41');
INSERT INTO `think_search` VALUES ('569', '1', '1', 'terminate', '2019-07-09 11:42:41', '2019-07-09 11:42:41');
INSERT INTO `think_search` VALUES ('570', '1', '4', 'corrupt', '2019-07-09 11:42:56', '2019-07-17 10:21:34');
INSERT INTO `think_search` VALUES ('571', '1', '2', 'nondeterministic', '2019-07-09 11:45:10', '2019-07-09 11:45:20');
INSERT INTO `think_search` VALUES ('572', '1', '1', 'penalty', '2019-07-09 11:53:19', '2019-07-09 11:53:19');
INSERT INTO `think_search` VALUES ('573', '1', '2', 'malicious', '2019-07-09 11:57:08', '2019-07-09 11:59:10');
INSERT INTO `think_search` VALUES ('574', '1', '1', 'partially', '2019-07-09 11:59:30', '2019-07-09 11:59:30');
INSERT INTO `think_search` VALUES ('575', '1', '3', 'vine', '2019-07-09 11:59:49', '2019-07-09 21:21:27');
INSERT INTO `think_search` VALUES ('576', '1', '3', 'malform', '2019-07-09 12:00:34', '2019-07-09 12:01:17');
INSERT INTO `think_search` VALUES ('578', '1', '1', 'presence', '2019-07-09 12:02:34', '2019-07-09 12:02:34');
INSERT INTO `think_search` VALUES ('579', '1', '2', 'dire', '2019-07-09 12:03:27', '2019-07-15 17:48:52');
INSERT INTO `think_search` VALUES ('580', '1', '1', 'consequence', '2019-07-09 12:03:47', '2019-07-09 12:03:47');
INSERT INTO `think_search` VALUES ('581', '1', '2', 'immune', '2019-07-09 12:04:13', '2019-07-09 12:04:56');
INSERT INTO `think_search` VALUES ('582', '1', '1', 'climb', '2019-07-09 14:43:31', '2019-07-09 14:43:31');
INSERT INTO `think_search` VALUES ('583', '1', '1', 'soar', '2019-07-09 14:43:39', '2019-07-09 14:43:39');
INSERT INTO `think_search` VALUES ('584', '1', '2', 'chord', '2019-07-09 14:43:53', '2019-07-09 14:47:45');
INSERT INTO `think_search` VALUES ('585', '1', '2', 'dust', '2019-07-09 14:44:11', '2019-07-09 14:46:47');
INSERT INTO `think_search` VALUES ('586', '1', '1', 'cage', '2019-07-09 14:44:38', '2019-07-09 14:44:38');
INSERT INTO `think_search` VALUES ('588', '1', '2', 'powder', '2019-07-09 14:46:36', '2019-07-09 14:46:40');
INSERT INTO `think_search` VALUES ('589', '1', '1', 'fairy', '2019-07-09 15:09:30', '2019-07-09 15:09:30');
INSERT INTO `think_search` VALUES ('590', '1', '3', 'legitimate', '2019-07-09 15:29:09', '2019-07-09 16:20:23');
INSERT INTO `think_search` VALUES ('591', '1', '1', 'net', '2019-07-09 15:29:42', '2019-07-09 15:29:42');
INSERT INTO `think_search` VALUES ('592', '1', '2', 'neglect', '2019-07-09 15:30:18', '2019-07-09 15:31:36');
INSERT INTO `think_search` VALUES ('593', '1', '1', 'native', '2019-07-09 16:22:07', '2019-07-09 16:22:07');
INSERT INTO `think_search` VALUES ('594', '1', '2', 'peer', '2019-07-09 16:22:18', '2019-07-09 16:22:48');
INSERT INTO `think_search` VALUES ('595', '1', '1', 'vehicle', '2019-07-09 16:23:02', '2019-07-09 16:23:02');
INSERT INTO `think_search` VALUES ('596', '1', '2', 'tricky', '2019-07-09 17:22:17', '2019-07-09 17:22:59');
INSERT INTO `think_search` VALUES ('597', '1', '3', 'demonstrate', '2019-07-09 17:23:34', '2019-07-11 15:44:34');
INSERT INTO `think_search` VALUES ('598', '1', '2', 'merely', '2019-07-09 17:26:16', '2019-07-09 17:27:02');
INSERT INTO `think_search` VALUES ('599', '1', '1', 'pollute', '2019-07-09 17:27:19', '2019-07-09 17:27:19');
INSERT INTO `think_search` VALUES ('601', '1', '2', 'enclosing', '2019-07-11 15:40:00', '2019-07-11 15:40:09');
INSERT INTO `think_search` VALUES ('602', '1', '1', 'inadvisable', '2019-07-11 15:40:29', '2019-07-11 15:40:29');
INSERT INTO `think_search` VALUES ('603', '1', '1', 'guarantee', '2019-07-11 15:48:04', '2019-07-11 15:48:04');
INSERT INTO `think_search` VALUES ('604', '1', '1', 'vacuum', '2019-07-11 15:49:30', '2019-07-11 15:49:30');
INSERT INTO `think_search` VALUES ('605', '1', '1', 'spec', '2019-07-11 15:52:03', '2019-07-11 15:52:03');
INSERT INTO `think_search` VALUES ('606', '1', '1', 'beware', '2019-07-11 15:57:21', '2019-07-11 15:57:21');
INSERT INTO `think_search` VALUES ('607', '1', '2', 'indeterminacy', '2019-07-11 15:58:02', '2019-07-11 15:58:10');
INSERT INTO `think_search` VALUES ('608', '1', '1', 'exception', '2019-07-12 10:26:20', '2019-07-12 10:26:20');
INSERT INTO `think_search` VALUES ('609', '1', '2', 'fendi', '2019-07-12 11:01:00', '2019-07-12 11:02:12');
INSERT INTO `think_search` VALUES ('610', '1', '4', 'conservation', '2019-07-15 10:32:15', '2019-07-17 10:19:55');
INSERT INTO `think_search` VALUES ('611', '1', '1', 'process', '2019-07-15 12:41:42', '2019-07-15 12:41:42');
INSERT INTO `think_search` VALUES ('612', '1', '1', 'overlook', '2019-07-15 17:44:37', '2019-07-15 17:44:37');
INSERT INTO `think_search` VALUES ('613', '1', '7', 'illustrate', '2019-07-15 18:00:04', '2019-07-28 01:13:58');
INSERT INTO `think_search` VALUES ('614', '1', '1', 'deficiency', '2019-07-15 18:01:52', '2019-07-15 18:01:52');
INSERT INTO `think_search` VALUES ('615', '1', '2', 'capable', '2019-07-15 18:05:06', '2019-07-15 18:05:41');
INSERT INTO `think_search` VALUES ('616', '1', '1', 'circumstances', '2019-07-15 18:05:52', '2019-07-15 18:05:52');
INSERT INTO `think_search` VALUES ('617', '1', '1', 'obliterate', '2019-07-15 18:07:50', '2019-07-15 18:07:50');
INSERT INTO `think_search` VALUES ('618', '1', '3', 'suppress', '2019-07-15 18:08:50', '2019-07-17 21:09:02');
INSERT INTO `think_search` VALUES ('619', '1', '2', 'bot', '2019-07-15 18:38:28', '2019-07-15 18:48:28');
INSERT INTO `think_search` VALUES ('620', '1', '1', 'aorta', '2019-07-16 13:20:35', '2019-07-16 13:20:35');
INSERT INTO `think_search` VALUES ('621', '1', '2', 'atrium', '2019-07-16 13:22:12', '2019-07-16 13:23:34');
INSERT INTO `think_search` VALUES ('622', '1', '2', 'skeletal', '2019-07-16 14:12:04', '2019-07-16 14:12:12');
INSERT INTO `think_search` VALUES ('623', '1', '1', 'ruin', '2019-07-16 21:36:55', '2019-07-16 21:36:55');
INSERT INTO `think_search` VALUES ('624', '1', '1', 'familiar', '2019-07-17 10:25:46', '2019-07-17 10:25:46');
INSERT INTO `think_search` VALUES ('625', '1', '2', 'exchange', '2019-07-17 20:23:31', '2019-07-18 12:12:47');
INSERT INTO `think_search` VALUES ('626', '1', '1', 'participant', '2019-07-17 20:24:31', '2019-07-17 20:24:31');
INSERT INTO `think_search` VALUES ('627', '1', '1', 'swoop', '2019-07-17 21:06:02', '2019-07-17 21:06:02');
INSERT INTO `think_search` VALUES ('628', '1', '4', 'statement', '2019-07-17 21:06:47', '2019-07-17 21:13:58');
INSERT INTO `think_search` VALUES ('629', '1', '1', 'diagnostic', '2019-07-17 21:07:01', '2019-07-17 21:07:01');
INSERT INTO `think_search` VALUES ('630', '1', '1', 'discard', '2019-07-17 21:09:20', '2019-07-17 21:09:20');
INSERT INTO `think_search` VALUES ('631', '1', '2', 'notation', '2019-07-17 21:09:44', '2019-07-17 21:10:14');
INSERT INTO `think_search` VALUES ('632', '1', '2', 'clause', '2019-07-17 21:10:30', '2019-07-17 21:11:39');
INSERT INTO `think_search` VALUES ('634', '1', '1', 'sully', '2019-07-17 21:13:09', '2019-07-17 21:13:09');
INSERT INTO `think_search` VALUES ('635', '1', '1', 'nest', '2019-07-17 21:13:18', '2019-07-17 21:13:18');
INSERT INTO `think_search` VALUES ('636', '1', '1', 'contrive', '2019-07-17 21:13:30', '2019-07-17 21:13:30');
INSERT INTO `think_search` VALUES ('637', '1', '2', 'nesting', '2019-07-17 21:15:51', '2019-07-17 21:15:58');
INSERT INTO `think_search` VALUES ('638', '1', '1', 'occurrence', '2019-07-18 11:34:19', '2019-07-18 11:34:19');
INSERT INTO `think_search` VALUES ('639', '1', '3', 'share', '2019-07-18 12:47:49', '2019-07-23 12:39:19');
INSERT INTO `think_search` VALUES ('640', '1', '2', 'fundamental', '2019-07-18 20:37:53', '2019-07-18 20:38:43');
INSERT INTO `think_search` VALUES ('641', '1', '2', 'from time to time', '2019-07-18 20:42:17', '2019-07-18 20:42:27');
INSERT INTO `think_search` VALUES ('642', '1', '5', 'convey', '2019-07-18 20:43:17', '2019-07-25 16:14:46');
INSERT INTO `think_search` VALUES ('643', '1', '2', 'item', '2019-07-18 20:44:20', '2019-07-18 20:44:25');
INSERT INTO `think_search` VALUES ('644', '1', '1', 'capture', '2019-07-18 20:48:23', '2019-07-18 20:48:23');
INSERT INTO `think_search` VALUES ('645', '1', '2', 'loosely', '2019-07-18 20:49:53', '2019-07-18 20:50:44');
INSERT INTO `think_search` VALUES ('647', '1', '2', 'from cover to cover', '2019-07-18 20:52:57', '2019-07-18 20:53:05');
INSERT INTO `think_search` VALUES ('648', '1', '2', 'more or less', '2019-07-18 20:53:18', '2019-07-18 20:53:22');
INSERT INTO `think_search` VALUES ('649', '1', '3', 'plot', '2019-07-18 20:53:56', '2019-07-25 16:15:42');
INSERT INTO `think_search` VALUES ('650', '1', '1', 'course', '2019-07-18 20:57:33', '2019-07-18 20:57:33');
INSERT INTO `think_search` VALUES ('651', '1', '2', 'cross-referenced', '2019-07-18 20:58:00', '2019-07-18 20:58:30');
INSERT INTO `think_search` VALUES ('652', '1', '2', 'feature', '2019-07-18 21:02:18', '2019-07-18 21:04:08');
INSERT INTO `think_search` VALUES ('653', '1', '3', 'coverage', '2019-07-18 21:04:54', '2019-07-18 21:08:29');
INSERT INTO `think_search` VALUES ('654', '1', '1', 'alternative', '2019-07-18 21:13:17', '2019-07-18 21:13:17');
INSERT INTO `think_search` VALUES ('655', '1', '2', 'thought', '2019-07-18 21:17:22', '2019-07-18 21:18:10');
INSERT INTO `think_search` VALUES ('656', '1', '3', 'derive', '2019-07-18 21:20:54', '2019-07-19 16:39:03');
INSERT INTO `think_search` VALUES ('657', '1', '1', 'refuse', '2019-07-20 11:45:11', '2019-07-20 11:45:11');
INSERT INTO `think_search` VALUES ('658', '1', '1', 'survivor', '2019-07-20 11:47:47', '2019-07-20 11:47:47');
INSERT INTO `think_search` VALUES ('659', '1', '1', 'simplicity', '2019-07-20 17:08:26', '2019-07-20 17:08:26');
INSERT INTO `think_search` VALUES ('660', '1', '1', 'paramount', '2019-07-20 17:08:52', '2019-07-20 17:08:52');
INSERT INTO `think_search` VALUES ('661', '1', '2', 'of paramount importance', '2019-07-20 17:09:33', '2019-07-20 17:09:38');
INSERT INTO `think_search` VALUES ('662', '1', '1', 'minimum', '2019-07-20 17:10:05', '2019-07-20 17:10:05');
INSERT INTO `think_search` VALUES ('663', '1', '4', 'ideally', '2019-07-20 17:10:39', '2019-07-22 15:16:30');
INSERT INTO `think_search` VALUES ('664', '1', '2', 'characterize', '2019-07-20 17:12:26', '2019-07-20 17:12:53');
INSERT INTO `think_search` VALUES ('665', '1', '2', 'slavishly', '2019-07-20 17:13:07', '2019-07-20 17:13:14');
INSERT INTO `think_search` VALUES ('666', '1', '2', 'slavish', '2019-07-20 17:13:36', '2019-07-22 15:14:18');
INSERT INTO `think_search` VALUES ('667', '1', '1', 'violate', '2019-07-20 17:13:47', '2019-07-20 17:13:47');
INSERT INTO `think_search` VALUES ('668', '1', '2', 'performance', '2019-07-20 17:15:11', '2019-07-20 17:15:52');
INSERT INTO `think_search` VALUES ('669', '1', '2', 'robust', '2019-07-20 17:17:23', '2019-07-22 15:13:51');
INSERT INTO `think_search` VALUES ('670', '1', '2', 'approximate', '2019-07-20 17:18:35', '2019-07-22 15:13:25');
INSERT INTO `think_search` VALUES ('671', '1', '2', 'citizen', '2019-07-24 10:11:10', '2019-07-24 12:12:41');
INSERT INTO `think_search` VALUES ('672', '1', '2', 'how', '2019-07-24 10:11:19', '2019-07-30 12:19:03');
INSERT INTO `think_search` VALUES ('673', '1', '2', 'product', '2019-07-24 12:37:33', '2019-07-26 10:11:28');
INSERT INTO `think_search` VALUES ('674', '1', '1', 'price', '2019-07-24 12:39:22', '2019-07-24 12:39:22');
INSERT INTO `think_search` VALUES ('675', '1', '1', 'suicide', '2019-07-24 20:13:43', '2019-07-24 20:13:43');
INSERT INTO `think_search` VALUES ('676', '1', '1', 'photosynthesis', '2019-07-24 20:16:47', '2019-07-24 20:16:47');
INSERT INTO `think_search` VALUES ('677', '1', '2', 'boilerplate', '2019-07-24 22:25:28', '2019-07-24 22:26:09');
INSERT INTO `think_search` VALUES ('678', '1', '1', 'mention', '2019-07-24 22:26:20', '2019-07-24 22:26:20');
INSERT INTO `think_search` VALUES ('679', '1', '1', 'signature', '2019-07-24 22:28:15', '2019-07-24 22:28:15');
INSERT INTO `think_search` VALUES ('680', '1', '2', 'synonym', '2019-07-24 22:29:23', '2019-07-25 16:00:39');
INSERT INTO `think_search` VALUES ('681', '1', '2', 'antonym', '2019-07-25 10:21:36', '2019-07-25 16:00:52');
INSERT INTO `think_search` VALUES ('682', '1', '2', 'bankrupt', '2019-07-25 10:25:11', '2019-07-25 10:25:17');
INSERT INTO `think_search` VALUES ('683', '1', '2', 'concentrate', '2019-07-25 10:26:20', '2019-07-31 10:26:10');
INSERT INTO `think_search` VALUES ('684', '1', '2', 'domestic', '2019-07-25 10:29:36', '2019-07-25 10:30:21');
INSERT INTO `think_search` VALUES ('685', '1', '1', 'gross', '2019-07-25 10:30:51', '2019-07-25 10:30:51');
INSERT INTO `think_search` VALUES ('686', '1', '3', 'projection', '2019-07-25 10:56:21', '2019-07-26 10:28:30');
INSERT INTO `think_search` VALUES ('687', '1', '1', 'skeptical', '2019-07-25 14:03:13', '2019-07-25 14:03:13');
INSERT INTO `think_search` VALUES ('688', '1', '1', 'module', '2019-07-25 16:16:22', '2019-07-25 16:16:22');
INSERT INTO `think_search` VALUES ('689', '1', '3', 'precede', '2019-07-25 16:21:58', '2019-07-26 21:10:57');
INSERT INTO `think_search` VALUES ('690', '1', '3', 'equivalent', '2019-07-25 16:37:08', '2019-07-26 21:21:46');
INSERT INTO `think_search` VALUES ('691', '1', '3', 'prime', '2019-07-25 17:32:33', '2019-07-27 14:53:10');
INSERT INTO `think_search` VALUES ('692', '1', '1', 'express', '2019-07-25 17:32:51', '2019-07-25 17:32:51');
INSERT INTO `think_search` VALUES ('693', '1', '2', 'cultivating', '2019-07-25 17:43:58', '2019-07-25 17:44:07');
INSERT INTO `think_search` VALUES ('694', '1', '1', 'advice', '2019-07-25 20:29:35', '2019-07-25 20:29:35');
INSERT INTO `think_search` VALUES ('695', '1', '1', 'pilot', '2019-07-26 10:13:07', '2019-07-26 10:13:07');
INSERT INTO `think_search` VALUES ('696', '1', '2', 'manipulative', '2019-07-26 10:23:51', '2019-07-26 10:25:20');
INSERT INTO `think_search` VALUES ('697', '1', '2', 'pathetic', '2019-07-26 10:26:43', '2019-07-26 10:26:58');
INSERT INTO `think_search` VALUES ('698', '13', '1', 'psychiatrist', '2019-07-26 16:03:55', '2019-07-26 16:03:55');
INSERT INTO `think_search` VALUES ('699', '1', '4', 'evaluator', '2019-07-26 21:00:10', '2019-07-29 20:33:19');
INSERT INTO `think_search` VALUES ('700', '1', '1', 'bracket', '2019-07-26 21:02:02', '2019-07-26 21:02:02');
INSERT INTO `think_search` VALUES ('701', '1', '1', 'paragraph', '2019-07-26 21:17:32', '2019-07-26 21:17:32');
INSERT INTO `think_search` VALUES ('703', '1', '1', 'duplicate', '2019-07-26 21:20:50', '2019-07-26 21:20:50');
INSERT INTO `think_search` VALUES ('704', '1', '3', 'definitive', '2019-07-27 08:40:31', '2019-07-27 11:40:18');
INSERT INTO `think_search` VALUES ('705', '1', '2', 'brace', '2019-07-27 11:36:53', '2019-07-27 11:39:38');
INSERT INTO `think_search` VALUES ('706', '1', '2', 'dispense', '2019-07-27 14:54:08', '2019-07-29 14:13:07');
INSERT INTO `think_search` VALUES ('707', '1', '1', 'instance', '2019-07-27 14:58:09', '2019-07-27 14:58:09');
INSERT INTO `think_search` VALUES ('708', '1', '1', 'tag', '2019-07-27 15:05:00', '2019-07-27 15:05:00');
INSERT INTO `think_search` VALUES ('709', '1', '1', 'fashion', '2019-07-27 15:05:35', '2019-07-27 15:05:35');
INSERT INTO `think_search` VALUES ('710', '1', '2', 'implementation', '2019-07-27 15:06:13', '2019-07-27 15:07:01');
INSERT INTO `think_search` VALUES ('711', '1', '3', 'compact', '2019-07-27 15:07:44', '2019-07-29 14:14:18');
INSERT INTO `think_search` VALUES ('712', '1', '2', 'grill', '2019-07-28 01:46:07', '2019-07-28 01:51:12');
INSERT INTO `think_search` VALUES ('713', '1', '1', 'fantastic', '2019-07-28 09:56:26', '2019-07-28 09:56:26');
INSERT INTO `think_search` VALUES ('714', '1', '1', 'satellite', '2019-07-28 17:04:26', '2019-07-28 17:04:26');
INSERT INTO `think_search` VALUES ('716', '1', '3', 'electromagnet', '2019-07-29 08:05:44', '2019-07-29 08:43:05');
INSERT INTO `think_search` VALUES ('717', '1', '1', 'electromagnetic', '2019-07-29 08:16:42', '2019-07-29 08:16:42');
INSERT INTO `think_search` VALUES ('718', '1', '3', 'prior', '2019-07-29 14:18:25', '2019-07-30 21:28:14');
INSERT INTO `think_search` VALUES ('719', '1', '1', 'convention', '2019-07-29 14:19:13', '2019-07-29 14:19:13');
INSERT INTO `think_search` VALUES ('720', '1', '4', 'companion', '2019-07-29 14:20:44', '2019-07-30 21:28:43');
INSERT INTO `think_search` VALUES ('721', '1', '3', 'utility', '2019-07-29 14:21:26', '2019-07-30 21:30:05');
INSERT INTO `think_search` VALUES ('722', '1', '2', 'synchronize', '2019-07-29 14:26:45', '2019-07-30 21:31:23');
INSERT INTO `think_search` VALUES ('723', '1', '1', 'bulk', '2019-07-29 14:30:14', '2019-07-29 14:30:14');
INSERT INTO `think_search` VALUES ('724', '1', '3', 'concept', '2019-07-29 14:31:31', '2019-07-30 21:32:49');
INSERT INTO `think_search` VALUES ('725', '1', '4', 'precise', '2019-07-29 14:32:54', '2019-07-30 21:33:37');
INSERT INTO `think_search` VALUES ('726', '1', '1', 'amend', '2019-07-29 16:05:29', '2019-07-29 16:05:29');
INSERT INTO `think_search` VALUES ('727', '1', '1', 'parameter', '2019-07-29 17:06:25', '2019-07-29 17:06:25');
INSERT INTO `think_search` VALUES ('728', '1', '1', 'formula', '2019-07-29 20:22:07', '2019-07-29 20:22:07');
INSERT INTO `think_search` VALUES ('729', '1', '1', 'scary', '2019-07-29 20:25:18', '2019-07-29 20:25:18');
INSERT INTO `think_search` VALUES ('730', '13', '2', 'pertain', '2019-07-30 09:05:19', '2019-07-30 09:06:45');
INSERT INTO `think_search` VALUES ('731', '13', '1', 'pertaining', '2019-07-30 09:06:32', '2019-07-30 09:06:32');
INSERT INTO `think_search` VALUES ('732', '1', '1', 'repel', '2019-07-30 10:37:07', '2019-07-30 10:37:07');
INSERT INTO `think_search` VALUES ('733', '1', '1', 'how are you', '2019-07-30 12:18:41', '2019-07-30 12:18:41');
INSERT INTO `think_search` VALUES ('734', '1', '1', 'electric', '2019-07-30 14:00:38', '2019-07-30 14:00:38');
INSERT INTO `think_search` VALUES ('735', '1', '1', 'electro', '2019-07-30 14:01:15', '2019-07-30 14:01:15');
INSERT INTO `think_search` VALUES ('736', '1', '2', 'annotation', '2019-07-30 16:07:55', '2019-07-30 16:08:49');
INSERT INTO `think_search` VALUES ('738', '1', '2', 'by convention', '2019-07-30 21:27:14', '2019-07-30 21:27:53');
INSERT INTO `think_search` VALUES ('739', '1', '1', 'precisely', '2019-07-30 21:33:54', '2019-07-30 21:33:54');
INSERT INTO `think_search` VALUES ('740', '1', '1', 'outer', '2019-07-31 09:59:48', '2019-07-31 09:59:48');
INSERT INTO `think_search` VALUES ('741', '1', '1', 'particle', '2019-07-31 10:02:55', '2019-07-31 10:02:55');
INSERT INTO `think_search` VALUES ('742', '1', '3', 'assess', '2019-07-31 10:37:44', '2019-07-31 10:38:18');
INSERT INTO `think_search` VALUES ('743', '1', '1', 'algorithm', '2019-07-31 14:25:26', '2019-07-31 14:25:26');
INSERT INTO `think_search` VALUES ('744', '1', '1', 'anonymous', '2019-07-31 14:26:11', '2019-07-31 14:26:11');
INSERT INTO `think_search` VALUES ('745', '1', '1', 'spyware', '2019-07-31 14:26:33', '2019-07-31 14:26:33');
INSERT INTO `think_search` VALUES ('746', '1', '1', 'scam', '2019-07-31 14:27:46', '2019-07-31 14:27:46');
INSERT INTO `think_search` VALUES ('747', '1', '1', 'shady', '2019-07-31 14:28:15', '2019-07-31 14:28:15');
INSERT INTO `think_search` VALUES ('748', '1', '1', 'retain', '2019-07-31 14:50:04', '2019-07-31 14:50:04');
INSERT INTO `think_search` VALUES ('749', '1', '1', 'present', '2019-07-31 16:25:16', '2019-07-31 16:25:16');
INSERT INTO `think_search` VALUES ('750', '1', '5', 'invasion', '2019-07-31 20:13:20', '2019-08-01 20:03:28');
INSERT INTO `think_search` VALUES ('751', '1', '1', 'chose', '2019-07-31 20:20:07', '2019-07-31 20:20:07');
INSERT INTO `think_search` VALUES ('752', '1', '1', 'choose', '2019-07-31 20:20:21', '2019-07-31 20:20:21');
INSERT INTO `think_search` VALUES ('753', '1', '1', 'broker', '2019-07-31 20:20:28', '2019-07-31 20:20:28');
INSERT INTO `think_search` VALUES ('754', '1', '2', 'bus', '2019-08-03 10:40:53', '2019-08-03 11:04:05');
INSERT INTO `think_search` VALUES ('755', '1', '2', 'conductor', '2019-08-03 10:41:54', '2019-08-03 10:42:14');
INSERT INTO `think_search` VALUES ('756', '1', '2', 'motor', '2019-08-03 10:43:47', '2019-08-03 10:44:43');
INSERT INTO `think_search` VALUES ('757', '1', '1', 'comparison', '2019-08-03 10:48:29', '2019-08-03 10:48:29');
INSERT INTO `think_search` VALUES ('758', '1', '1', 'place', '2019-08-03 10:49:19', '2019-08-03 10:49:19');
INSERT INTO `think_search` VALUES ('759', '1', '1', 'a small hand truck', '2019-08-03 10:57:26', '2019-08-03 10:57:26');
INSERT INTO `think_search` VALUES ('760', '1', '1', 'delve', '2019-08-03 11:10:10', '2019-08-03 11:10:10');

-- ----------------------------
-- Table structure for think_user
-- ----------------------------
DROP TABLE IF EXISTS `think_user`;
CREATE TABLE `think_user` (
  `id` bigint(20) unsigned NOT NULL AUTO_INCREMENT,
  `name` varchar(255) NOT NULL,
  `password` varchar(255) DEFAULT NULL,
  `search_dic` varchar(255) DEFAULT '',
  `history_count` int(11) DEFAULT '10',
  `top_count` int(11) DEFAULT '10',
  `create_time` datetime DEFAULT NULL,
  `update_time` datetime DEFAULT NULL,
  PRIMARY KEY (`id`,`name`)
) ENGINE=InnoDB AUTO_INCREMENT=14 DEFAULT CHARSET=utf8;

-- ----------------------------
-- Records of think_user
-- ----------------------------
INSERT INTO `think_user` VALUES ('1', 'admin@126.com', '111111', 'LONGMAN', '50', '20', '2019-05-22 14:34:49', '2019-08-03 11:04:02');
INSERT INTO `think_user` VALUES ('2', 'game@qq.com', '111111', 'LONGMAN', '10', '10', '2019-05-22 14:34:52', '2019-05-21 16:28:54');
INSERT INTO `think_user` VALUES ('3', 'admin@qq.com', '111111', 'LONGMAN', '10', '10', '2019-05-22 14:15:07', '2019-05-22 14:18:03');
INSERT INTO `think_user` VALUES ('4', 'ky1031983138@qq.com', 'keke613@530', '', '10', '10', '2019-05-22 16:38:02', '2019-05-22 16:38:02');
INSERT INTO `think_user` VALUES ('5', '1113868077@qq.com', '619629', '', '10', '10', '2019-05-22 16:46:08', '2019-05-22 16:46:08');
INSERT INTO `think_user` VALUES ('6', '476231506@qq.com', '476231506', 'youdao', '5', '10', '2019-05-22 16:58:18', '2019-05-22 17:01:49');
INSERT INTO `think_user` VALUES ('7', 'yptianma@126.com', 'yptianma', '', '10', '10', '2019-05-28 10:45:17', '2019-05-28 10:45:17');
INSERT INTO `think_user` VALUES ('8', 'zw@sirio.cn', '831112', 'youdao', '10', '10', '2019-05-28 15:00:43', '2019-05-28 15:06:37');
INSERT INTO `think_user` VALUES ('9', '14273255@qq.com', '7654321', '', '10', '10', '2019-05-28 15:51:08', '2019-05-28 15:51:08');
INSERT INTO `think_user` VALUES ('10', '2364323137@qq.com', 'woaiwojia1314', 'LONGMAN', '10', '5', '2019-06-06 17:50:19', '2019-06-06 17:59:15');
INSERT INTO `think_user` VALUES ('11', '292692026@qq.com', 'wangdong@1008*wd', '', '10', '10', '2019-06-06 20:21:06', '2019-06-06 20:21:06');
INSERT INTO `think_user` VALUES ('12', '1031983138@qq.com', 'keke613@530', '', '5', '10', '2019-06-28 13:54:39', '2019-06-28 14:31:15');
INSERT INTO `think_user` VALUES ('13', 'Phoebe.gao@westgatehome.com', '123321', '', '10', '10', '2019-07-26 16:03:11', '2019-07-26 16:03:11');

-- ----------------------------
-- Table structure for think_word
-- ----------------------------
DROP TABLE IF EXISTS `think_word`;
CREATE TABLE `think_word` (
  `id` bigint(20) unsigned NOT NULL AUTO_INCREMENT,
  `user_id` bigint(20) DEFAULT NULL,
  `text` varchar(255) DEFAULT NULL,
  `familar` tinyint(4) DEFAULT '0',
  `create_time` datetime DEFAULT NULL,
  `update_time` datetime DEFAULT NULL,
  PRIMARY KEY (`id`)
) ENGINE=InnoDB AUTO_INCREMENT=236 DEFAULT CHARSET=utf8;

-- ----------------------------
-- Records of think_word
-- ----------------------------
INSERT INTO `think_word` VALUES ('1', '1', 'has', '1', '2019-05-25 12:29:02', '2019-05-25 21:24:39');
INSERT INTO `think_word` VALUES ('2', '1', 'found', '1', '2019-05-25 13:01:45', '2019-05-25 13:01:45');
INSERT INTO `think_word` VALUES ('3', '1', 'find', '1', '2019-05-25 13:01:50', '2019-05-25 13:01:50');
INSERT INTO `think_word` VALUES ('4', '1', 'at', '1', '2019-05-25 13:01:57', '2019-05-25 21:08:18');
INSERT INTO `think_word` VALUES ('5', '1', 'is', '1', '2019-05-25 13:02:01', '2019-05-25 13:02:01');
INSERT INTO `think_word` VALUES ('6', '1', 'in', '1', '2019-05-25 13:02:05', '2019-05-25 13:02:05');
INSERT INTO `think_word` VALUES ('7', '1', 'are', '1', '2019-05-25 13:02:10', '2019-05-25 13:02:10');
INSERT INTO `think_word` VALUES ('8', '1', 'not', '1', '2019-05-25 13:02:15', '2019-05-25 13:02:15');
INSERT INTO `think_word` VALUES ('9', '1', 'china', '1', '2019-05-25 13:12:10', '2019-05-25 13:12:10');
INSERT INTO `think_word` VALUES ('10', '1', 'us', '1', '2019-05-25 13:12:14', '2019-05-25 21:46:46');
INSERT INTO `think_word` VALUES ('11', '1', 'of', '1', '2019-05-25 13:12:18', '2019-05-25 21:00:44');
INSERT INTO `think_word` VALUES ('12', '1', 'a', '1', '2019-05-25 21:00:46', '2019-05-25 21:00:46');
INSERT INTO `think_word` VALUES ('13', '1', 'global', '1', '2019-05-25 21:00:47', '2019-05-25 21:00:47');
INSERT INTO `think_word` VALUES ('14', '1', 'tussle', '0', '2019-05-25 21:00:49', '2019-05-25 21:48:25');
INSERT INTO `think_word` VALUES ('15', '1', 'between', '1', '2019-05-25 21:00:49', '2019-05-25 21:00:49');
INSERT INTO `think_word` VALUES ('16', '1', 'the', '1', '2019-05-25 21:00:50', '2019-05-25 21:06:43');
INSERT INTO `think_word` VALUES ('17', '1', 'led', '1', '2019-05-25 21:00:51', '2019-05-25 21:00:51');
INSERT INTO `think_word` VALUES ('18', '1', 'it.\n\nthat', '1', '2019-05-25 21:00:51', '2019-05-25 21:00:51');
INSERT INTO `think_word` VALUES ('19', '1', 'brand', '0', '2019-05-25 21:00:52', '2019-05-25 21:48:34');
INSERT INTO `think_word` VALUES ('20', '1', 'with', '1', '2019-05-25 21:00:53', '2019-05-25 21:00:53');
INSERT INTO `think_word` VALUES ('21', '1', 'huawei', '1', '2019-05-25 21:08:01', '2019-05-25 21:08:11');
INSERT INTO `think_word` VALUES ('22', '1', 'itself', '1', '2019-05-25 21:08:46', '2019-05-25 21:08:46');
INSERT INTO `think_word` VALUES ('23', '1', 'center', '1', '2019-05-25 21:08:47', '2019-05-25 21:08:47');
INSERT INTO `think_word` VALUES ('24', '1', 'and', '1', '2019-05-25 21:08:49', '2019-05-25 21:08:49');
INSERT INTO `think_word` VALUES ('25', '1', 'after', '1', '2019-05-25 21:08:49', '2019-05-25 21:08:49');
INSERT INTO `think_word` VALUES ('26', '1', 'administration', '1', '2019-05-25 21:08:51', '2019-05-25 21:08:51');
INSERT INTO `think_word` VALUES ('27', '1', 'trump\'s', '1', '2019-05-25 21:08:52', '2019-05-25 21:08:52');
INSERT INTO `think_word` VALUES ('28', '1', 'placed', '1', '2019-05-25 21:08:53', '2019-05-25 21:08:53');
INSERT INTO `think_word` VALUES ('29', '1', 'on', '1', '2019-05-25 21:08:55', '2019-05-25 21:08:55');
INSERT INTO `think_word` VALUES ('30', '1', 'do', '1', '2019-05-25 21:08:58', '2019-05-25 21:08:58');
INSERT INTO `think_word` VALUES ('31', '1', 'could', '1', '2019-05-25 21:08:58', '2019-05-25 21:08:58');
INSERT INTO `think_word` VALUES ('32', '1', 'business', '1', '2019-05-25 21:08:59', '2019-05-25 21:46:43');
INSERT INTO `think_word` VALUES ('33', '1', 'limiting', '1', '2019-05-25 21:09:01', '2019-05-25 21:09:01');
INSERT INTO `think_word` VALUES ('34', '1', 'to', '1', '2019-05-25 21:09:02', '2019-05-25 21:11:27');
INSERT INTO `think_word` VALUES ('35', '1', 'google', '1', '2019-05-25 21:09:03', '2019-05-25 21:09:03');
INSERT INTO `think_word` VALUES ('36', '1', 'future', '1', '2019-05-25 21:09:05', '2019-05-25 21:09:05');
INSERT INTO `think_word` VALUES ('37', '1', 'access', '1', '2019-05-25 21:09:06', '2019-05-25 21:09:06');
INSERT INTO `think_word` VALUES ('38', '1', 'updates,', '1', '2019-05-25 21:09:11', '2019-05-25 21:09:11');
INSERT INTO `think_word` VALUES ('39', '1', 'all', '1', '2019-05-25 21:09:15', '2019-05-25 21:09:15');
INSERT INTO `think_word` VALUES ('40', '1', 'activities', '1', '2019-05-25 21:09:16', '2019-05-25 21:09:16');
INSERT INTO `think_word` VALUES ('41', '1', 'multiple', '1', '2019-05-25 21:09:21', '2019-05-25 21:09:21');
INSERT INTO `think_word` VALUES ('42', '1', 'retailers', '0', '2019-05-25 21:09:23', '2019-05-25 21:48:44');
INSERT INTO `think_word` VALUES ('43', '1', 'world', '1', '2019-05-25 21:09:37', '2019-05-25 21:09:37');
INSERT INTO `think_word` VALUES ('44', '1', 'it', '1', '2019-05-25 21:09:41', '2019-05-25 21:09:41');
INSERT INTO `think_word` VALUES ('45', '1', 'for', '1', '2019-05-25 21:09:42', '2019-05-25 21:09:42');
INSERT INTO `think_word` VALUES ('46', '1', 'fear', '1', '2019-05-25 21:09:43', '2019-05-25 21:09:43');
INSERT INTO `think_word` VALUES ('47', '1', 'dealing', '1', '2019-05-25 21:09:44', '2019-05-25 21:09:44');
INSERT INTO `think_word` VALUES ('48', '1', 'stop', '1', '2019-05-25 21:09:45', '2019-05-25 21:09:45');
INSERT INTO `think_word` VALUES ('49', '1', 'around', '1', '2019-05-25 21:09:46', '2019-05-25 21:09:46');
INSERT INTO `think_word` VALUES ('50', '1', 'government.', '1', '2019-05-25 21:12:31', '2019-05-25 21:48:06');
INSERT INTO `think_word` VALUES ('51', '1', 'brands', '0', '2019-05-25 21:16:25', '2019-05-25 21:48:19');
INSERT INTO `think_word` VALUES ('52', '1', 'ceased', '0', '2019-05-25 21:24:33', '2019-05-25 21:48:22');
INSERT INTO `think_word` VALUES ('53', '1', 'from', '1', '2019-05-25 21:24:51', '2019-05-25 21:24:51');
INSERT INTO `think_word` VALUES ('54', '1', 'easy', '1', '2019-05-25 21:25:30', '2019-05-25 21:25:30');
INSERT INTO `think_word` VALUES ('55', '1', 'exclusive', '1', '2019-05-25 21:25:31', '2019-05-25 21:25:31');
INSERT INTO `think_word` VALUES ('56', '1', 'checkout.', '1', '2019-05-25 21:25:32', '2019-05-25 21:25:32');
INSERT INTO `think_word` VALUES ('57', '1', 'up', '1', '2019-05-25 21:25:34', '2019-05-25 21:25:34');
INSERT INTO `think_word` VALUES ('58', '1', 'designer', '1', '2019-05-25 21:25:35', '2019-05-25 21:25:35');
INSERT INTO `think_word` VALUES ('59', '1', 'selection', '1', '2019-05-25 21:25:37', '2019-05-25 21:25:37');
INSERT INTO `think_word` VALUES ('60', '1', 'shop', '1', '2019-05-25 21:25:38', '2019-05-25 21:25:38');
INSERT INTO `think_word` VALUES ('61', '1', 'than', '1', '2019-05-25 21:25:39', '2019-05-25 21:25:39');
INSERT INTO `think_word` VALUES ('62', '1', 'more', '1', '2019-05-25 21:25:39', '2019-05-25 21:25:39');
INSERT INTO `think_word` VALUES ('63', '1', 'designers.', '1', '2019-05-25 21:25:41', '2019-05-25 21:25:41');
INSERT INTO `think_word` VALUES ('64', '1', 'fast', '1', '2019-05-25 21:25:42', '2019-05-25 21:25:42');
INSERT INTO `think_word` VALUES ('65', '1', 'shipping.', '1', '2019-05-25 21:25:43', '2019-05-25 21:25:43');
INSERT INTO `think_word` VALUES ('66', '1', 'styles:', '1', '2019-05-25 21:25:44', '2019-05-25 21:25:44');
INSERT INTO `think_word` VALUES ('67', '1', 'runway', '1', '2019-05-25 21:25:46', '2019-05-25 21:25:46');
INSERT INTO `think_word` VALUES ('68', '1', 'refined.', '1', '2019-05-25 21:25:47', '2019-05-25 21:25:47');
INSERT INTO `think_word` VALUES ('69', '1', 'off.', '1', '2019-05-25 21:26:25', '2019-05-25 21:26:25');
INSERT INTO `think_word` VALUES ('70', '1', 'secure', '1', '2019-05-25 21:26:27', '2019-05-25 21:26:27');
INSERT INTO `think_word` VALUES ('71', '1', 'streetwear,', '1', '2019-05-25 21:26:31', '2019-05-25 21:26:31');
INSERT INTO `think_word` VALUES ('72', '1', 'designers,', '1', '2019-05-25 21:26:33', '2019-05-25 21:26:33');
INSERT INTO `think_word` VALUES ('73', '1', 'streetwear.', '1', '2019-05-25 21:26:36', '2019-05-25 21:26:36');
INSERT INTO `think_word` VALUES ('74', '1', 'fashion', '1', '2019-05-25 21:26:46', '2019-05-25 21:26:46');
INSERT INTO `think_word` VALUES ('75', '1', 'be', '1', '2019-05-25 21:27:11', '2019-05-25 21:27:11');
INSERT INTO `think_word` VALUES ('76', '1', 'art,', '1', '2019-05-25 21:27:13', '2019-05-25 21:27:13');
INSERT INTO `think_word` VALUES ('77', '1', 'also', '1', '2019-05-25 21:27:17', '2019-05-25 21:27:17');
INSERT INTO `think_word` VALUES ('78', '1', 'music', '1', '2019-05-25 21:27:21', '2019-05-25 21:27:21');
INSERT INTO `think_word` VALUES ('79', '1', 'outside', '1', '2019-05-25 21:28:12', '2019-05-25 21:28:12');
INSERT INTO `think_word` VALUES ('80', '1', 'as', '1', '2019-05-25 21:28:14', '2019-05-25 21:28:14');
INSERT INTO `think_word` VALUES ('81', '1', 'arm', '1', '2019-05-25 21:47:43', '2019-05-25 21:48:07');
INSERT INTO `think_word` VALUES ('82', '1', 'networks', '1', '2019-05-25 21:47:46', '2019-05-25 21:48:02');
INSERT INTO `think_word` VALUES ('83', '1', '‘entity', '1', '2019-05-25 21:47:51', '2019-05-25 21:48:11');
INSERT INTO `think_word` VALUES ('84', '1', 'android', '1', '2019-05-25 21:47:59', '2019-05-25 21:47:59');
INSERT INTO `think_word` VALUES ('85', '1', 'sanctions', '0', '2019-05-25 21:48:03', '2019-05-25 21:48:38');
INSERT INTO `think_word` VALUES ('86', '1', 'blocking', '1', '2019-05-25 21:48:09', '2019-05-25 21:48:09');
INSERT INTO `think_word` VALUES ('87', '1', 'huawei’s', '1', '2019-05-25 21:48:10', '2019-05-25 21:48:10');
INSERT INTO `think_word` VALUES ('88', '1', 'list’,', '1', '2019-05-25 21:48:12', '2019-05-25 21:48:12');
INSERT INTO `think_word` VALUES ('89', '1', 'chip', '1', '2019-05-25 21:48:13', '2019-05-25 21:48:13');
INSERT INTO `think_word` VALUES ('90', '1', 'uk-based', '0', '2019-05-25 21:48:13', '2019-05-25 21:48:15');
INSERT INTO `think_word` VALUES ('91', '1', 'compete', '1', '2019-05-25 21:49:47', '2019-05-25 21:49:47');
INSERT INTO `think_word` VALUES ('92', '1', 'play', '1', '2019-05-25 21:49:48', '2019-05-25 21:49:48');
INSERT INTO `think_word` VALUES ('93', '1', 'an', '1', '2019-05-25 21:49:50', '2019-05-25 21:49:50');
INSERT INTO `think_word` VALUES ('94', '1', 'team,', '1', '2019-05-25 21:49:51', '2019-05-25 21:49:51');
INSERT INTO `think_word` VALUES ('95', '1', 'was', '1', '2019-05-25 21:49:55', '2019-05-25 21:49:55');
INSERT INTO `think_word` VALUES ('96', '1', 'team', '1', '2019-05-25 21:49:56', '2019-05-25 21:49:56');
INSERT INTO `think_word` VALUES ('97', '1', 'basketball', '1', '2019-05-25 21:49:58', '2019-05-25 21:49:58');
INSERT INTO `think_word` VALUES ('98', '1', 'professional', '1', '2019-05-25 21:50:00', '2019-05-25 21:50:00');
INSERT INTO `think_word` VALUES ('99', '1', 'american', '1', '2019-05-25 21:50:00', '2019-05-25 21:50:00');
INSERT INTO `think_word` VALUES ('100', '1', 'member', '1', '2019-05-25 21:50:03', '2019-05-25 21:50:03');
INSERT INTO `think_word` VALUES ('101', '1', 'based', '1', '2019-05-26 13:44:35', '2019-05-26 13:44:35');
INSERT INTO `think_word` VALUES ('102', '1', 'founded', '1', '2019-05-27 22:02:58', '2019-05-27 22:02:58');
INSERT INTO `think_word` VALUES ('103', '1', 'expansion', '1', '2019-05-27 22:03:03', '2019-05-27 22:03:03');
INSERT INTO `think_word` VALUES ('104', '1', 'national', '1', '2019-05-28 10:44:12', '2019-05-28 10:44:12');
INSERT INTO `think_word` VALUES ('105', '7', 'are', '1', '2019-05-28 10:47:30', '2019-05-28 10:47:30');
INSERT INTO `think_word` VALUES ('106', '7', 'an', '1', '2019-05-28 10:47:31', '2019-05-28 10:47:31');
INSERT INTO `think_word` VALUES ('107', '7', 'the', '1', '2019-05-28 10:47:32', '2019-05-28 10:47:32');
INSERT INTO `think_word` VALUES ('108', '7', 'american', '1', '2019-05-28 10:47:33', '2019-05-28 10:47:33');
INSERT INTO `think_word` VALUES ('109', '1', 'writing', '1', '2019-05-29 15:14:44', '2019-05-29 15:14:44');
INSERT INTO `think_word` VALUES ('110', '1', 'paragraphs', '1', '2019-05-29 15:14:45', '2019-05-29 15:14:45');
INSERT INTO `think_word` VALUES ('111', '1', 'how', '1', '2019-05-29 15:14:46', '2019-05-29 15:14:46');
INSERT INTO `think_word` VALUES ('112', '1', 'your', '1', '2019-05-29 15:14:48', '2019-05-29 15:14:48');
INSERT INTO `think_word` VALUES ('113', '1', 'ideas', '1', '2019-05-29 15:14:48', '2019-05-29 15:14:48');
INSERT INTO `think_word` VALUES ('114', '1', 'express', '1', '2019-05-29 15:14:49', '2019-05-29 15:14:49');
INSERT INTO `think_word` VALUES ('115', '1', 'clearly', '1', '2019-05-29 15:14:51', '2019-05-29 15:14:51');
INSERT INTO `think_word` VALUES ('116', '1', 'completely', '1', '2019-05-29 15:14:52', '2019-05-29 15:14:52');
INSERT INTO `think_word` VALUES ('117', '1', 'help', '1', '2019-05-29 15:14:53', '2019-05-29 15:14:53');
INSERT INTO `think_word` VALUES ('118', '1', 'you', '1', '2019-05-29 15:14:53', '2019-05-29 15:14:53');
INSERT INTO `think_word` VALUES ('119', '1', 'will', '1', '2019-05-29 15:14:54', '2019-05-29 15:14:54');
INSERT INTO `think_word` VALUES ('120', '1', 'this', '1', '2019-05-29 15:14:58', '2019-05-29 15:14:58');
INSERT INTO `think_word` VALUES ('121', '1', 'stronger', '1', '2019-05-29 15:15:00', '2019-05-29 15:15:00');
INSERT INTO `think_word` VALUES ('122', '1', 'develop', '1', '2019-05-29 15:15:01', '2019-05-29 15:15:01');
INSERT INTO `think_word` VALUES ('123', '1', 'understand', '1', '2019-05-29 15:15:02', '2019-05-29 15:15:02');
INSERT INTO `think_word` VALUES ('124', '1', 'usually', '1', '2019-05-29 15:16:05', '2019-05-29 15:16:05');
INSERT INTO `think_word` VALUES ('125', '1', 'any', '1', '2019-05-29 15:16:07', '2019-05-29 15:16:07');
INSERT INTO `think_word` VALUES ('126', '1', 'language', '1', '2019-05-29 15:16:08', '2019-05-29 15:16:08');
INSERT INTO `think_word` VALUES ('127', '1', 'by', '1', '2019-05-29 15:16:10', '2019-05-29 15:16:10');
INSERT INTO `think_word` VALUES ('128', '1', 'used', '1', '2019-05-29 15:16:12', '2019-05-29 15:16:12');
INSERT INTO `think_word` VALUES ('129', '1', 'part', '1', '2019-05-29 15:16:15', '2019-05-29 15:16:15');
INSERT INTO `think_word` VALUES ('130', '1', 'one', '1', '2019-05-29 15:16:16', '2019-05-29 15:16:16');
INSERT INTO `think_word` VALUES ('131', '1', 'or', '1', '2019-05-29 15:16:17', '2019-05-29 15:16:17');
INSERT INTO `think_word` VALUES ('132', '1', 'idea', '1', '2019-05-29 15:16:22', '2019-05-29 15:16:22');
INSERT INTO `think_word` VALUES ('133', '1', 'point', '1', '2019-05-29 15:16:30', '2019-05-29 15:16:30');
INSERT INTO `think_word` VALUES ('134', '1', 'particular', '1', '2019-05-29 15:16:31', '2019-05-29 15:16:31');
INSERT INTO `think_word` VALUES ('135', '1', 'required', '1', '2019-05-29 15:16:33', '2019-05-29 15:16:33');
INSERT INTO `think_word` VALUES ('136', '1', 'discourse', '1', '2019-05-29 15:16:34', '2019-05-29 15:16:34');
INSERT INTO `think_word` VALUES ('137', '1', 'though', '1', '2019-05-29 15:16:35', '2019-05-29 15:16:35');
INSERT INTO `think_word` VALUES ('138', '1', 'unit', '1', '2019-05-29 15:16:36', '2019-05-29 15:16:36');
INSERT INTO `think_word` VALUES ('139', '1', 'consists', '1', '2019-05-29 15:16:39', '2019-05-29 15:16:39');
INSERT INTO `think_word` VALUES ('140', '1', 'expected', '1', '2019-05-29 15:16:40', '2019-05-29 15:16:40');
INSERT INTO `think_word` VALUES ('141', '1', 'formal', '1', '2019-05-29 15:16:41', '2019-05-29 15:16:41');
INSERT INTO `think_word` VALUES ('142', '1', 'organize', '1', '2019-05-29 15:16:42', '2019-05-29 15:16:42');
INSERT INTO `think_word` VALUES ('143', '1', 'longer', '1', '2019-05-29 15:16:43', '2019-05-29 15:16:43');
INSERT INTO `think_word` VALUES ('144', '1', 'about', '1', '2019-05-31 17:33:21', '2019-05-31 17:33:21');
INSERT INTO `think_word` VALUES ('145', '1', 'movie', '1', '2019-05-31 17:33:22', '2019-05-31 17:33:22');
INSERT INTO `think_word` VALUES ('146', '1', 'review', '1', '2019-05-31 17:33:24', '2019-05-31 17:33:24');
INSERT INTO `think_word` VALUES ('147', '1', 'yes', '1', '2019-05-31 17:33:25', '2019-05-31 17:33:25');
INSERT INTO `think_word` VALUES ('148', '1', 'pursuit', '1', '2019-05-31 17:33:26', '2019-05-31 17:33:26');
INSERT INTO `think_word` VALUES ('149', '1', 'happyiness', '1', '2019-05-31 17:33:29', '2019-05-31 17:33:29');
INSERT INTO `think_word` VALUES ('150', '1', 'leading', '1', '2019-05-31 17:33:35', '2019-05-31 17:33:35');
INSERT INTO `think_word` VALUES ('151', '1', 'role', '0', '2019-05-31 17:33:37', '2019-05-31 17:35:32');
INSERT INTO `think_word` VALUES ('152', '1', 'words', '1', '2019-05-31 17:33:41', '2019-05-31 17:33:41');
INSERT INTO `think_word` VALUES ('153', '1', 'kept', '1', '2019-05-31 17:33:43', '2019-05-31 17:33:43');
INSERT INTO `think_word` VALUES ('154', '1', 'hardly', '1', '2019-05-31 17:33:45', '2019-05-31 17:33:45');
INSERT INTO `think_word` VALUES ('155', '1', 'work', '1', '2019-05-31 17:33:46', '2019-05-31 17:33:46');
INSERT INTO `think_word` VALUES ('156', '1', 'everyday', '1', '2019-05-31 17:33:46', '2019-05-31 17:33:46');
INSERT INTO `think_word` VALUES ('157', '1', 'morning', '1', '2019-05-31 17:33:47', '2019-05-31 17:33:47');
INSERT INTO `think_word` VALUES ('158', '1', 'night', '1', '2019-05-31 17:33:48', '2019-05-31 17:33:48');
INSERT INTO `think_word` VALUES ('159', '1', 'but', '1', '2019-05-31 17:33:48', '2019-05-31 17:33:48');
INSERT INTO `think_word` VALUES ('160', '1', 'still', '1', '2019-05-31 17:33:49', '2019-05-31 17:33:49');
INSERT INTO `think_word` VALUES ('161', '1', 'couldn\'t', '1', '2019-05-31 17:33:50', '2019-05-31 17:33:50');
INSERT INTO `think_word` VALUES ('162', '1', 'make', '1', '2019-05-31 17:33:50', '2019-05-31 17:33:50');
INSERT INTO `think_word` VALUES ('163', '1', 'charge', '1', '2019-05-31 17:33:52', '2019-05-31 17:33:52');
INSERT INTO `think_word` VALUES ('164', '1', 'last', '1', '2019-05-31 17:33:52', '2019-05-31 17:33:52');
INSERT INTO `think_word` VALUES ('165', '1', 'his', '1', '2019-05-31 17:33:53', '2019-05-31 17:33:53');
INSERT INTO `think_word` VALUES ('166', '1', 'wife', '1', '2019-05-31 17:33:53', '2019-05-31 17:33:53');
INSERT INTO `think_word` VALUES ('167', '1', 'can\'t', '1', '2019-05-31 17:33:54', '2019-05-31 17:33:54');
INSERT INTO `think_word` VALUES ('168', '1', 'left', '1', '2019-05-31 17:33:56', '2019-05-31 17:33:56');
INSERT INTO `think_word` VALUES ('169', '1', 'away', '1', '2019-05-31 17:33:57', '2019-05-31 17:33:57');
INSERT INTO `think_word` VALUES ('170', '1', 'just', '1', '2019-05-31 17:33:57', '2019-05-31 17:33:57');
INSERT INTO `think_word` VALUES ('171', '1', 'leaving', '1', '2019-05-31 17:33:58', '2019-05-31 17:33:58');
INSERT INTO `think_word` VALUES ('172', '1', 'him', '1', '2019-05-31 17:33:58', '2019-05-31 17:33:58');
INSERT INTO `think_word` VALUES ('173', '1', 'their', '1', '2019-05-31 17:33:59', '2019-05-31 17:33:59');
INSERT INTO `think_word` VALUES ('174', '1', 'five', '1', '2019-05-31 17:34:00', '2019-05-31 17:34:00');
INSERT INTO `think_word` VALUES ('175', '1', 'year', '1', '2019-05-31 17:34:00', '2019-05-31 17:34:00');
INSERT INTO `think_word` VALUES ('176', '1', 'old', '1', '2019-05-31 17:34:01', '2019-05-31 17:34:01');
INSERT INTO `think_word` VALUES ('177', '1', 'son', '1', '2019-05-31 17:34:01', '2019-05-31 17:34:01');
INSERT INTO `think_word` VALUES ('178', '1', 'that', '1', '2019-05-31 17:34:02', '2019-05-31 17:34:02');
INSERT INTO `think_word` VALUES ('179', '1', 'say', '1', '2019-05-31 17:34:03', '2019-05-31 17:34:03');
INSERT INTO `think_word` VALUES ('180', '1', 'chris', '1', '2019-05-31 17:34:04', '2019-05-31 17:34:04');
INSERT INTO `think_word` VALUES ('181', '1', 'become', '1', '2019-05-31 17:34:05', '2019-05-31 17:34:05');
INSERT INTO `think_word` VALUES ('182', '1', 'single', '1', '2019-05-31 17:34:06', '2019-05-31 17:34:06');
INSERT INTO `think_word` VALUES ('183', '1', 'father', '1', '2019-05-31 17:34:07', '2019-05-31 17:34:07');
INSERT INTO `think_word` VALUES ('184', '1', 'even', '1', '2019-05-31 17:34:09', '2019-05-31 17:34:09');
INSERT INTO `think_word` VALUES ('185', '1', 'worse', '1', '2019-05-31 17:34:09', '2019-05-31 17:34:09');
INSERT INTO `think_word` VALUES ('186', '1', 'no', '1', '2019-05-31 17:34:10', '2019-05-31 17:34:10');
INSERT INTO `think_word` VALUES ('187', '1', 'money', '1', '2019-05-31 17:34:11', '2019-05-31 17:34:11');
INSERT INTO `think_word` VALUES ('188', '1', 'pay', '1', '2019-05-31 17:34:11', '2019-05-31 17:34:11');
INSERT INTO `think_word` VALUES ('189', '1', 'rent', '1', '2019-05-31 17:34:12', '2019-05-31 17:34:12');
INSERT INTO `think_word` VALUES ('190', '1', 'he', '1', '2019-05-31 17:34:13', '2019-05-31 17:34:13');
INSERT INTO `think_word` VALUES ('191', '1', 'failed', '1', '2019-05-31 17:34:13', '2019-05-31 17:34:13');
INSERT INTO `think_word` VALUES ('192', '1', 'career', '1', '2019-05-31 17:34:14', '2019-05-31 17:34:14');
INSERT INTO `think_word` VALUES ('193', '1', 'they', '1', '2019-05-31 17:34:14', '2019-05-31 17:34:14');
INSERT INTO `think_word` VALUES ('194', '1', 'homeless', '1', '2019-05-31 17:34:15', '2019-05-31 17:34:15');
INSERT INTO `think_word` VALUES ('195', '1', 'slept', '1', '2019-05-31 17:34:17', '2019-05-31 17:34:17');
INSERT INTO `think_word` VALUES ('196', '1', 'anywhere', '1', '2019-05-31 17:34:18', '2019-05-31 17:34:18');
INSERT INTO `think_word` VALUES ('197', '1', 'never', '1', '2019-05-31 17:34:19', '2019-05-31 17:34:19');
INSERT INTO `think_word` VALUES ('198', '1', 'gave', '1', '2019-05-31 17:34:19', '2019-05-31 17:34:19');
INSERT INTO `think_word` VALUES ('199', '1', 'belief', '1', '2019-05-31 17:34:20', '2019-05-31 17:34:20');
INSERT INTO `think_word` VALUES ('200', '1', 'strongly', '1', '2019-05-31 17:34:21', '2019-05-31 17:34:21');
INSERT INTO `think_word` VALUES ('201', '1', 'believed', '1', '2019-05-31 17:34:21', '2019-05-31 17:34:21');
INSERT INTO `think_word` VALUES ('202', '1', 'would', '1', '2019-05-31 17:34:23', '2019-05-31 17:34:23');
INSERT INTO `think_word` VALUES ('203', '1', 'come', '1', '2019-05-31 17:34:23', '2019-05-31 17:34:23');
INSERT INTO `think_word` VALUES ('204', '1', 'day', '1', '2019-05-31 17:34:24', '2019-05-31 17:34:24');
INSERT INTO `think_word` VALUES ('205', '1', 'if', '1', '2019-05-31 17:34:24', '2019-05-31 17:34:24');
INSERT INTO `think_word` VALUES ('206', '1', 'worked', '1', '2019-05-31 17:34:25', '2019-05-31 17:34:25');
INSERT INTO `think_word` VALUES ('207', '1', 'hard', '1', '2019-05-31 17:34:25', '2019-05-31 17:34:25');
INSERT INTO `think_word` VALUES ('208', '1', 'enough', '1', '2019-05-31 17:34:26', '2019-05-31 17:34:26');
INSERT INTO `think_word` VALUES ('209', '1', 'film', '1', '2019-05-31 17:34:27', '2019-05-31 17:34:27');
INSERT INTO `think_word` VALUES ('210', '1', 'succeed', '1', '2019-05-31 17:34:27', '2019-05-31 17:34:27');
INSERT INTO `think_word` VALUES ('211', '1', 'everyone', '1', '2019-05-31 17:34:28', '2019-05-31 17:34:28');
INSERT INTO `think_word` VALUES ('212', '1', 'know', '1', '2019-05-31 17:34:29', '2019-05-31 17:34:29');
INSERT INTO `think_word` VALUES ('213', '1', 'too', '1', '2019-05-31 17:34:30', '2019-05-31 17:34:30');
INSERT INTO `think_word` VALUES ('214', '1', 'diffcult', '1', '2019-05-31 17:34:30', '2019-05-31 17:34:30');
INSERT INTO `think_word` VALUES ('215', '1', 'think', '1', '2019-05-31 17:34:31', '2019-05-31 17:34:31');
INSERT INTO `think_word` VALUES ('216', '1', 'i', '1', '2019-05-31 17:34:32', '2019-05-31 17:34:32');
INSERT INTO `think_word` VALUES ('217', '1', 'story', '1', '2019-05-31 17:34:34', '2019-05-31 17:34:34');
INSERT INTO `think_word` VALUES ('218', '1', 'i\'m', '1', '2019-05-31 17:34:35', '2019-05-31 17:34:35');
INSERT INTO `think_word` VALUES ('219', '1', 'most', '1', '2019-05-31 17:34:36', '2019-05-31 17:34:36');
INSERT INTO `think_word` VALUES ('220', '1', 'impress', '1', '2019-05-31 17:34:37', '2019-05-31 17:34:37');
INSERT INTO `think_word` VALUES ('221', '1', 'me', '1', '2019-05-31 17:34:37', '2019-05-31 17:34:37');
INSERT INTO `think_word` VALUES ('222', '1', 'two', '1', '2019-05-31 17:34:38', '2019-05-31 17:34:38');
INSERT INTO `think_word` VALUES ('223', '1', 'things', '1', '2019-05-31 17:34:38', '2019-05-31 17:34:38');
INSERT INTO `think_word` VALUES ('224', '1', 'love', '1', '2019-05-31 17:34:41', '2019-05-31 17:34:41');
INSERT INTO `think_word` VALUES ('225', '1', 'strong', '1', '2019-05-31 17:34:42', '2019-05-31 17:34:42');
INSERT INTO `think_word` VALUES ('226', '1', 'towards', '1', '2019-05-31 17:34:43', '2019-05-31 17:34:43');
INSERT INTO `think_word` VALUES ('227', '1', 'life', '1', '2019-05-31 17:34:44', '2019-05-31 17:34:44');
INSERT INTO `think_word` VALUES ('228', '1', 'learn', '1', '2019-05-31 17:34:44', '2019-05-31 17:34:44');
INSERT INTO `think_word` VALUES ('229', '1', 'thing', '1', '2019-05-31 17:34:45', '2019-05-31 17:34:45');
INSERT INTO `think_word` VALUES ('230', '1', 'person', '1', '2019-05-31 17:34:46', '2019-05-31 17:34:46');
INSERT INTO `think_word` VALUES ('231', '1', 'faith', '0', '2019-05-31 17:34:47', '2019-05-31 17:34:49');
INSERT INTO `think_word` VALUES ('232', '1', 'himself', '1', '2019-05-31 17:34:50', '2019-05-31 17:34:50');
INSERT INTO `think_word` VALUES ('233', '1', 'nothing', '1', '2019-05-31 17:34:51', '2019-05-31 17:34:51');
INSERT INTO `think_word` VALUES ('234', '1', 'impossible', '1', '2019-05-31 17:34:51', '2019-05-31 17:34:51');
INSERT INTO `think_word` VALUES ('235', '1', 'division', '1', '2019-07-28 01:15:15', '2019-07-28 01:15:15');
